point_index,dispersion_air_flow_L_min,air_speed_m_s,initial_slip_speed_m_s,weber_number,interfacial_shear_lower_Pa,dynamic_pressure_Pa,interfacial_shear_upper_Pa,interfacial_shear_shaded_lower_Pa,interfacial_shear_shaded_upper_Pa,relaxation_time_s,relaxation_time_ms,smoothstep_weight,regime,weber_transition_start,weber_transition_end,transition_flow_start_L_min,transition_flow_end_L_min,ohnesorge_number,droplet_diameter_m,air_aperture_diameter_m,surface_tension_N_m,air_density_kg_m3,air_viscosity_Pa_s,liquid_density_kg_m3,liquid_viscosity_Pa_s,drag_coefficient,skin_friction_coefficient,notes
1,0.0,0.0,0.0,0.0,0.0,0.0,0.0,,,inf,Inf,0.0,below transition,8.03402824191662,12.36004344910249,1.9779959018099933,245.3401966995445,0.09336403003974902,0.00019,0.001,0.05,1.2,1.8e-05,1000.0,0.0091,0.8,0.015,Exact numerical values generated from Figure_5.m. transition_flow_end_L_min preserves the source code's factor of 100 in Ua_crit_end.
2,0.02512562814070352,0.5331823889175724,0.5331823889175724,0.0012963325769244334,0.05051201579219107,0.17057007591110965,0.05051201579219107,,,0.4949317426342919,494.9317426342919,0.0,below transition,8.03402824191662,12.36004344910249,1.9779959018099933,245.3401966995445,0.09336403003974902,0.00019,0.001,0.05,1.2,1.8e-05,1000.0,0.0091,0.8,0.015,Exact numerical values generated from Figure_5.m. transition_flow_end_L_min preserves the source code's factor of 100 in Ua_crit_end.
3,0.05025125628140704,1.0663647778351448,1.0663647778351448,0.005185330307697734,0.10102403158438214,0.6822803036444386,0.10102403158438214,,,0.24746587131714595,247.46587131714594,0.0,below transition,8.03402824191662,12.36004344910249,1.9779959018099933,245.3401966995445,0.09336403003974902,0.00019,0.001,0.05,1.2,1.8e-05,1000.0,0.0091,0.8,0.015,Exact numerical values generated from Figure_5.m. transition_flow_end_L_min preserves the source code's factor of 100 in Ua_crit_end.
4,0.07537688442211056,1.5995471667527172,1.5995471667527172,0.0116669931923199,0.1515360473765732,1.535130683199987,0.1515360473765732,,,0.16497724754476398,164.97724754476397,0.0,below transition,8.03402824191662,12.36004344910249,1.9779959018099933,245.3401966995445,0.09336403003974902,0.00019,0.001,0.05,1.2,1.8e-05,1000.0,0.0091,0.8,0.015,Exact numerical values generated from Figure_5.m. transition_flow_end_L_min preserves the source code's factor of 100 in Ua_crit_end.
5,0.10050251256281408,2.1327295556702897,2.1327295556702897,0.020741321230790935,0.20204806316876428,2.7291212145777544,0.20204806316876428,,,0.12373293565857298,123.73293565857297,0.0,below transition,8.03402824191662,12.36004344910249,1.9779959018099933,245.3401966995445,0.09336403003974902,0.00019,0.001,0.05,1.2,1.8e-05,1000.0,0.0091,0.8,0.015,Exact numerical values generated from Figure_5.m. transition_flow_end_L_min preserves the source code's factor of 100 in Ua_crit_end.
6,0.1256281407035176,2.665911944587862,2.665911944587862,0.03240831442311084,0.25256007896095534,4.264251897777742,0.25256007896095534,,,0.09898634852685838,98.98634852685838,0.0,below transition,8.03402824191662,12.36004344910249,1.9779959018099933,245.3401966995445,0.09336403003974902,0.00019,0.001,0.05,1.2,1.8e-05,1000.0,0.0091,0.8,0.015,Exact numerical values generated from Figure_5.m. transition_flow_end_L_min preserves the source code's factor of 100 in Ua_crit_end.
7,0.15075376884422112,3.1990943335054345,3.1990943335054345,0.0466679727692796,0.3030720947531464,6.140522732799948,0.3030720947531464,,,0.08248862377238199,82.48862377238198,0.0,below transition,8.03402824191662,12.36004344910249,1.9779959018099933,245.3401966995445,0.09336403003974902,0.00019,0.001,0.05,1.2,1.8e-05,1000.0,0.0091,0.8,0.015,Exact numerical values generated from Figure_5.m. transition_flow_end_L_min preserves the source code's factor of 100 in Ua_crit_end.
8,0.17587939698492464,3.732276722423007,3.732276722423007,0.06352029626929723,0.35358411054533745,8.357933719644373,0.35358411054533745,,,0.07070453466204171,70.70453466204171,0.0,below transition,8.03402824191662,12.36004344910249,1.9779959018099933,245.3401966995445,0.09336403003974902,0.00019,0.001,0.05,1.2,1.8e-05,1000.0,0.0091,0.8,0.015,Exact numerical values generated from Figure_5.m. transition_flow_end_L_min preserves the source code's factor of 100 in Ua_crit_end.
9,0.20100502512562815,4.265459111340579,4.265459111340579,0.08296528492316374,0.40409612633752856,10.916484858311017,0.40409612633752856,,,0.06186646782928649,61.866467829286485,0.0,below transition,8.03402824191662,12.36004344910249,1.9779959018099933,245.3401966995445,0.09336403003974902,0.00019,0.001,0.05,1.2,1.8e-05,1000.0,0.0091,0.8,0.015,Exact numerical values generated from Figure_5.m. transition_flow_end_L_min preserves the source code's factor of 100 in Ua_crit_end.
10,0.22613065326633167,4.798641500258151,4.798641500258151,0.10500293873087908,0.45460814212971956,13.81617614879988,0.45460814212971956,,,0.054992415848254664,54.992415848254666,0.0,below transition,8.03402824191662,12.36004344910249,1.9779959018099933,245.3401966995445,0.09336403003974902,0.00019,0.001,0.05,1.2,1.8e-05,1000.0,0.0091,0.8,0.015,Exact numerical values generated from Figure_5.m. transition_flow_end_L_min preserves the source code's factor of 100 in Ua_crit_end.
11,0.2512562814070352,5.331823889175724,5.331823889175724,0.12963325769244335,0.5051201579219107,17.057007591110967,0.5051201579219107,,,0.04949317426342919,49.49317426342919,0.0,below transition,8.03402824191662,12.36004344910249,1.9779959018099933,245.3401966995445,0.09336403003974902,0.00019,0.001,0.05,1.2,1.8e-05,1000.0,0.0091,0.8,0.015,Exact numerical values generated from Figure_5.m. transition_flow_end_L_min preserves the source code's factor of 100 in Ua_crit_end.
12,0.2763819095477387,5.865006278093298,5.865006278093298,0.1568562418078565,0.5556321737141019,20.638979185244278,0.5556321737141019,,,0.04499379478493562,44.99379478493562,0.0,below transition,8.03402824191662,12.36004344910249,1.9779959018099933,245.3401966995445,0.09336403003974902,0.00019,0.001,0.05,1.2,1.8e-05,1000.0,0.0091,0.8,0.015,Exact numerical values generated from Figure_5.m. transition_flow_end_L_min preserves the source code's factor of 100 in Ua_crit_end.
13,0.30150753768844224,6.398188667010869,6.398188667010869,0.1866718910771184,0.6061441895062928,24.56209093119979,0.6061441895062928,,,0.041244311886190994,41.24431188619099,0.0,below transition,8.03402824191662,12.36004344910249,1.9779959018099933,245.3401966995445,0.09336403003974902,0.00019,0.001,0.05,1.2,1.8e-05,1000.0,0.0091,0.8,0.015,Exact numerical values generated from Figure_5.m. transition_flow_end_L_min preserves the source code's factor of 100 in Ua_crit_end.
14,0.32663316582914576,6.931371055928442,6.931371055928442,0.2190802055002293,0.656656205298484,28.826342828977538,0.656656205298484,,,0.03807167251033015,38.071672510330146,0.0,below transition,8.03402824191662,12.36004344910249,1.9779959018099933,245.3401966995445,0.09336403003974902,0.00019,0.001,0.05,1.2,1.8e-05,1000.0,0.0091,0.8,0.015,Exact numerical values generated from Figure_5.m. transition_flow_end_L_min preserves the source code's factor of 100 in Ua_crit_end.
15,0.35175879396984927,7.464553444846014,7.464553444846014,0.2540811850771889,0.7071682210906749,33.431734878577494,0.7071682210906749,,,0.035352267331020856,35.352267331020855,0.0,below transition,8.03402824191662,12.36004344910249,1.9779959018099933,245.3401966995445,0.09336403003974902,0.00019,0.001,0.05,1.2,1.8e-05,1000.0,0.0091,0.8,0.015,Exact numerical values generated from Figure_5.m. transition_flow_end_L_min preserves the source code's factor of 100 in Ua_crit_end.
16,0.3768844221105528,7.997735833763587,7.997735833763587,0.2916748298079976,0.7576802368828661,38.37826707999968,0.7576802368828661,,,0.03299544950895279,32.995449508952795,0.0,below transition,8.03402824191662,12.36004344910249,1.9779959018099933,245.3401966995445,0.09336403003974902,0.00019,0.001,0.05,1.2,1.8e-05,1000.0,0.0091,0.8,0.015,Exact numerical values generated from Figure_5.m. transition_flow_end_L_min preserves the source code's factor of 100 in Ua_crit_end.
17,0.4020100502512563,8.530918222681159,8.530918222681159,0.33186113969265496,0.8081922526750571,43.66593943324407,0.8081922526750571,,,0.030933233914643244,30.933233914643242,0.0,below transition,8.03402824191662,12.36004344910249,1.9779959018099933,245.3401966995445,0.09336403003974902,0.00019,0.001,0.05,1.2,1.8e-05,1000.0,0.0091,0.8,0.015,Exact numerical values generated from Figure_5.m. transition_flow_end_L_min preserves the source code's factor of 100 in Ua_crit_end.
18,0.4271356783919598,9.06410061159873,9.06410061159873,0.37464011473116127,0.8587042684672481,49.29475193831069,0.8587042684672481,,,0.02911363191966423,29.113631919664233,0.0,below transition,8.03402824191662,12.36004344910249,1.9779959018099933,245.3401966995445,0.09336403003974902,0.00019,0.001,0.05,1.2,1.8e-05,1000.0,0.0091,0.8,0.015,Exact numerical values generated from Figure_5.m. transition_flow_end_L_min preserves the source code's factor of 100 in Ua_crit_end.
19,0.45226130653266333,9.597283000516303,9.597283000516303,0.42001175492351633,0.9092162842594391,55.26470459519952,0.9092162842594391,,,0.027496207924127332,27.496207924127333,0.0,below transition,8.03402824191662,12.36004344910249,1.9779959018099933,245.3401966995445,0.09336403003974902,0.00019,0.001,0.05,1.2,1.8e-05,1000.0,0.0091,0.8,0.015,Exact numerical values generated from Figure_5.m. transition_flow_end_L_min preserves the source code's factor of 100 in Ua_crit_end.
20,0.47738693467336685,10.130465389433876,10.130465389433876,0.46797606026972055,0.9597283000516303,61.5757974039106,0.9597283000516303,,,0.026049039086015364,26.049039086015366,0.0,below transition,8.03402824191662,12.36004344910249,1.9779959018099933,245.3401966995445,0.09336403003974902,0.00019,0.001,0.05,1.2,1.8e-05,1000.0,0.0091,0.8,0.015,Exact numerical values generated from Figure_5.m. transition_flow_end_L_min preserves the source code's factor of 100 in Ua_crit_end.
21,0.5025125628140704,10.663647778351448,10.663647778351448,0.5185330307697734,1.0102403158438213,68.22803036444387,1.0102403158438213,,,0.024746587131714595,24.746587131714595,0.0,below transition,8.03402824191662,12.36004344910249,1.9779959018099933,245.3401966995445,0.09336403003974902,0.00019,0.001,0.05,1.2,1.8e-05,1000.0,0.0091,0.8,0.015,Exact numerical values generated from Figure_5.m. transition_flow_end_L_min preserves the source code's factor of 100 in Ua_crit_end.
22,0.5276381909547739,11.19683016726902,11.19683016726902,0.571682666423675,1.0607523316360123,75.22140347679935,1.0607523316360123,,,0.023568178220680566,23.568178220680565,0.0,below transition,8.03402824191662,12.36004344910249,1.9779959018099933,245.3401966995445,0.09336403003974902,0.00019,0.001,0.05,1.2,1.8e-05,1000.0,0.0091,0.8,0.015,Exact numerical values generated from Figure_5.m. transition_flow_end_L_min preserves the source code's factor of 100 in Ua_crit_end.
23,0.5527638190954774,11.730012556186596,11.730012556186596,0.627424967231426,1.1112643474282038,82.55591674097711,1.1112643474282038,,,0.02249689739246781,22.49689739246781,0.0,below transition,8.03402824191662,12.36004344910249,1.9779959018099933,245.3401966995445,0.09336403003974902,0.00019,0.001,0.05,1.2,1.8e-05,1000.0,0.0091,0.8,0.015,Exact numerical values generated from Figure_5.m. transition_flow_end_L_min preserves the source code's factor of 100 in Ua_crit_end.
24,0.577889447236181,12.263194945104166,12.263194945104166,0.6857599331930254,1.1617763632203948,90.23157015697703,1.1617763632203948,,,0.021518771418882254,21.518771418882253,0.0,below transition,8.03402824191662,12.36004344910249,1.9779959018099933,245.3401966995445,0.09336403003974902,0.00019,0.001,0.05,1.2,1.8e-05,1000.0,0.0091,0.8,0.015,Exact numerical values generated from Figure_5.m. transition_flow_end_L_min preserves the source code's factor of 100 in Ua_crit_end.
25,0.6030150753768845,12.796377334021738,12.796377334021738,0.7466875643084736,1.2122883790125856,98.24836372479916,1.2122883790125856,,,0.020622155943095497,20.622155943095496,0.0,below transition,8.03402824191662,12.36004344910249,1.9779959018099933,245.3401966995445,0.09336403003974902,0.00019,0.001,0.05,1.2,1.8e-05,1000.0,0.0091,0.8,0.015,Exact numerical values generated from Figure_5.m. transition_flow_end_L_min preserves the source code's factor of 100 in Ua_crit_end.
26,0.628140703517588,13.32955972293931,13.32955972293931,0.8102078605777708,1.2628003948047766,106.60629744444353,1.2628003948047766,,,0.019797269705371677,19.797269705371676,0.0,below transition,8.03402824191662,12.36004344910249,1.9779959018099933,245.3401966995445,0.09336403003974902,0.00019,0.001,0.05,1.2,1.8e-05,1000.0,0.0091,0.8,0.015,Exact numerical values generated from Figure_5.m. transition_flow_end_L_min preserves the source code's factor of 100 in Ua_crit_end.
27,0.6532663316582915,13.862742111856884,13.862742111856884,0.8763208220009172,1.313312410596968,115.30537131591015,1.313312410596968,,,0.019035836255165074,19.035836255165073,0.0,below transition,8.03402824191662,12.36004344910249,1.9779959018099933,245.3401966995445,0.09336403003974902,0.00019,0.001,0.05,1.2,1.8e-05,1000.0,0.0091,0.8,0.015,Exact numerical values generated from Figure_5.m. transition_flow_end_L_min preserves the source code's factor of 100 in Ua_crit_end.
28,0.678391959798995,14.395924500774454,14.395924500774454,0.9450264485779117,1.3638244263891586,124.34558533919892,1.3638244263891586,,,0.018330805282751553,18.33080528275155,0.0,below transition,8.03402824191662,12.36004344910249,1.9779959018099933,245.3401966995445,0.09336403003974902,0.00019,0.001,0.05,1.2,1.8e-05,1000.0,0.0091,0.8,0.015,Exact numerical values generated from Figure_5.m. transition_flow_end_L_min preserves the source code's factor of 100 in Ua_crit_end.
29,0.7035175879396985,14.929106889692028,14.929106889692028,1.0163247403087556,1.4143364421813498,133.72693951430998,1.4143364421813498,,,0.017676133665510428,17.676133665510427,0.0,below transition,8.03402824191662,12.36004344910249,1.9779959018099933,245.3401966995445,0.09336403003974902,0.00019,0.001,0.05,1.2,1.8e-05,1000.0,0.0091,0.8,0.015,Exact numerical values generated from Figure_5.m. transition_flow_end_L_min preserves the source code's factor of 100 in Ua_crit_end.
30,0.7286432160804021,15.4622892786096,15.4622892786096,1.0902156971934485,1.464848457973541,143.4494338412432,1.464848457973541,,,0.017066611814975586,17.066611814975587,0.0,below transition,8.03402824191662,12.36004344910249,1.9779959018099933,245.3401966995445,0.09336403003974902,0.00019,0.001,0.05,1.2,1.8e-05,1000.0,0.0091,0.8,0.015,Exact numerical values generated from Figure_5.m. transition_flow_end_L_min preserves the source code's factor of 100 in Ua_crit_end.
31,0.7537688442211056,15.995471667527173,15.995471667527173,1.1666993192319903,1.5153604737657322,153.51306831999872,1.5153604737657322,,,0.016497724754476396,16.497724754476398,0.0,below transition,8.03402824191662,12.36004344910249,1.9779959018099933,245.3401966995445,0.09336403003974902,0.00019,0.001,0.05,1.2,1.8e-05,1000.0,0.0091,0.8,0.015,Exact numerical values generated from Figure_5.m. transition_flow_end_L_min preserves the source code's factor of 100 in Ua_crit_end.
32,0.7788944723618091,16.528654056444744,16.528654056444744,1.2457756064243803,1.5658724895579232,163.91784295057636,1.5658724895579232,,,0.01596554008497716,15.96554008497716,0.0,below transition,8.03402824191662,12.36004344910249,1.9779959018099933,245.3401966995445,0.09336403003974902,0.00019,0.001,0.05,1.2,1.8e-05,1000.0,0.0091,0.8,0.015,Exact numerical values generated from Figure_5.m. transition_flow_end_L_min preserves the source code's factor of 100 in Ua_crit_end.
33,0.8040201005025126,17.061836445362317,17.061836445362317,1.3274445587706198,1.6163845053501142,174.66375773297628,1.6163845053501142,,,0.015466616957321622,15.466616957321621,0.0,below transition,8.03402824191662,12.36004344910249,1.9779959018099933,245.3401966995445,0.09336403003974902,0.00019,0.001,0.05,1.2,1.8e-05,1000.0,0.0091,0.8,0.015,Exact numerical values generated from Figure_5.m. transition_flow_end_L_min preserves the source code's factor of 100 in Ua_crit_end.
34,0.8291457286432161,17.595018834279887,17.595018834279887,1.4117061762707077,1.666896521142305,185.75081266719837,1.666896521142305,,,0.014997931594978546,14.997931594978546,0.0,below transition,8.03402824191662,12.36004344910249,1.9779959018099933,245.3401966995445,0.09336403003974902,0.00019,0.001,0.05,1.2,1.8e-05,1000.0,0.0091,0.8,0.015,Exact numerical values generated from Figure_5.m. transition_flow_end_L_min preserves the source code's factor of 100 in Ua_crit_end.
35,0.8542713567839196,18.12820122319746,18.12820122319746,1.498560458924645,1.7174085369344962,197.17900775324276,1.7174085369344962,,,0.014556815959832116,14.556815959832116,0.0,below transition,8.03402824191662,12.36004344910249,1.9779959018099933,245.3401966995445,0.09336403003974902,0.00019,0.001,0.05,1.2,1.8e-05,1000.0,0.0091,0.8,0.015,Exact numerical values generated from Figure_5.m. transition_flow_end_L_min preserves the source code's factor of 100 in Ua_crit_end.
36,0.8793969849246231,18.66138361211503,18.66138361211503,1.5880074067324303,1.767920552726687,208.94834299110926,1.767920552726687,,,0.014140906932408341,14.140906932408342,0.0,below transition,8.03402824191662,12.36004344910249,1.9779959018099933,245.3401966995445,0.09336403003974902,0.00019,0.001,0.05,1.2,1.8e-05,1000.0,0.0091,0.8,0.015,Exact numerical values generated from Figure_5.m. transition_flow_end_L_min preserves the source code's factor of 100 in Ua_crit_end.
37,0.9045226130653267,19.194566001032605,19.194566001032605,1.6800470196940653,1.8184325685188782,221.05881838079807,1.8184325685188782,,,0.013748103962063666,13.748103962063666,0.0,below transition,8.03402824191662,12.36004344910249,1.9779959018099933,245.3401966995445,0.09336403003974902,0.00019,0.001,0.05,1.2,1.8e-05,1000.0,0.0091,0.8,0.015,Exact numerical values generated from Figure_5.m. transition_flow_end_L_min preserves the source code's factor of 100 in Ua_crit_end.
38,0.9296482412060302,19.727748389950175,19.727748389950175,1.7746792978095487,1.8689445843110692,233.51043392230903,1.8689445843110692,,,0.013376533584710594,13.376533584710593,0.0,below transition,8.03402824191662,12.36004344910249,1.9779959018099933,245.3401966995445,0.09336403003974902,0.00019,0.001,0.05,1.2,1.8e-05,1000.0,0.0091,0.8,0.015,Exact numerical values generated from Figure_5.m. transition_flow_end_L_min preserves the source code's factor of 100 in Ua_crit_end.
39,0.9547738693467337,20.260930778867753,20.260930778867753,1.8719042410788822,1.9194566001032607,246.3031896156424,1.9194566001032607,,,0.013024519543007682,13.024519543007683,0.0,below transition,8.03402824191662,12.36004344910249,1.9779959018099933,245.3401966995445,0.09336403003974902,0.00019,0.001,0.05,1.2,1.8e-05,1000.0,0.0091,0.8,0.015,Exact numerical values generated from Figure_5.m. transition_flow_end_L_min preserves the source code's factor of 100 in Ua_crit_end.
40,0.9798994974874372,20.794113167785323,20.794113167785323,1.9717218495020628,1.9699686158954517,259.43708546079773,1.9699686158954517,,,0.012690557503443384,12.690557503443385,0.0,below transition,8.03402824191662,12.36004344910249,1.9779959018099933,245.3401966995445,0.09336403003974902,0.00019,0.001,0.05,1.2,1.8e-05,1000.0,0.0091,0.8,0.015,Exact numerical values generated from Figure_5.m. transition_flow_end_L_min preserves the source code's factor of 100 in Ua_crit_end.
41,1.0050251256281408,21.327295556702897,21.327295556702897,2.0741321230790937,2.0204806316876427,272.91212145777547,2.0204806316876427,,,0.012373293565857297,12.373293565857297,0.0,below transition,8.03402824191662,12.36004344910249,1.9779959018099933,245.3401966995445,0.09336403003974902,0.00019,0.001,0.05,1.2,1.8e-05,1000.0,0.0091,0.8,0.015,Exact numerical values generated from Figure_5.m. transition_flow_end_L_min preserves the source code's factor of 100 in Ua_crit_end.
42,1.0301507537688444,21.86047794562047,21.86047794562047,2.1791350618099727,2.070992647479834,286.7282976065754,2.070992647479834,,,0.012071505917909557,12.071505917909557,0.0,below transition,8.03402824191662,12.36004344910249,1.9779959018099933,245.3401966995445,0.09336403003974902,0.00019,0.001,0.05,1.2,1.8e-05,1000.0,0.0091,0.8,0.015,Exact numerical values generated from Figure_5.m. transition_flow_end_L_min preserves the source code's factor of 100 in Ua_crit_end.
43,1.0552763819095479,22.39366033453804,22.39366033453804,2.2867306656947,2.1215046632720247,300.8856139071974,2.1215046632720247,,,0.011784089110340283,11.784089110340283,0.0,below transition,8.03402824191662,12.36004344910249,1.9779959018099933,245.3401966995445,0.09336403003974902,0.00019,0.001,0.05,1.2,1.8e-05,1000.0,0.0091,0.8,0.015,Exact numerical values generated from Figure_5.m. transition_flow_end_L_min preserves the source code's factor of 100 in Ua_crit_end.
44,1.0804020100502514,22.926842723455618,22.926842723455618,2.3969189347332787,2.1720166790642166,315.3840703596419,2.1720166790642166,,,0.011510040526378879,11.510040526378878,0.0,below transition,8.03402824191662,12.36004344910249,1.9779959018099933,245.3401966995445,0.09336403003974902,0.00019,0.001,0.05,1.2,1.8e-05,1000.0,0.0091,0.8,0.015,Exact numerical values generated from Figure_5.m. transition_flow_end_L_min preserves the source code's factor of 100 in Ua_crit_end.
45,1.105527638190955,23.46002511237319,23.46002511237319,2.509699868925704,2.2225286948564076,330.22366696390844,2.2225286948564076,,,0.011248448696233905,11.248448696233906,0.0,below transition,8.03402824191662,12.36004344910249,1.9779959018099933,245.3401966995445,0.09336403003974902,0.00019,0.001,0.05,1.2,1.8e-05,1000.0,0.0091,0.8,0.015,Exact numerical values generated from Figure_5.m. transition_flow_end_L_min preserves the source code's factor of 100 in Ua_crit_end.
46,1.1306532663316584,23.993207501290758,23.993207501290758,2.6250734682719776,2.273040710648598,345.40440371999705,2.273040710648598,,,0.010998483169650932,10.998483169650932,0.0,below transition,8.03402824191662,12.36004344910249,1.9779959018099933,245.3401966995445,0.09336403003974902,0.00019,0.001,0.05,1.2,1.8e-05,1000.0,0.0091,0.8,0.015,Exact numerical values generated from Figure_5.m. transition_flow_end_L_min preserves the source code's factor of 100 in Ua_crit_end.
47,1.155778894472362,24.526389890208332,24.526389890208332,2.7430397327721017,2.3235527264407896,360.9262806279081,2.3235527264407896,,,0.010759385709441127,10.759385709441126,0.0,below transition,8.03402824191662,12.36004344910249,1.9779959018099933,245.3401966995445,0.09336403003974902,0.00019,0.001,0.05,1.2,1.8e-05,1000.0,0.0091,0.8,0.015,Exact numerical values generated from Figure_5.m. transition_flow_end_L_min preserves the source code's factor of 100 in Ua_crit_end.
48,1.1809045226130654,25.059572279125902,25.059572279125902,2.863598662426073,2.37406474223298,376.78929768764124,2.37406474223298,,,0.010530462609240253,10.530462609240253,0.0,below transition,8.03402824191662,12.36004344910249,1.9779959018099933,245.3401966995445,0.09336403003974902,0.00019,0.001,0.05,1.2,1.8e-05,1000.0,0.0091,0.8,0.015,Exact numerical values generated from Figure_5.m. transition_flow_end_L_min preserves the source code's factor of 100 in Ua_crit_end.
49,1.206030150753769,25.592754668043476,25.592754668043476,2.9867502572338944,2.424576758025171,392.99345489919665,2.424576758025171,,,0.010311077971547749,10.311077971547748,0.0,below transition,8.03402824191662,12.36004344910249,1.9779959018099933,245.3401966995445,0.09336403003974902,0.00019,0.001,0.05,1.2,1.8e-05,1000.0,0.0091,0.8,0.015,Exact numerical values generated from Figure_5.m. transition_flow_end_L_min preserves the source code's factor of 100 in Ua_crit_end.
50,1.2311557788944725,26.125937056961046,26.125937056961046,3.1124945171955636,2.475088773817362,409.5387522625742,2.475088773817362,,,0.0101006478088631,10.100647808863101,0.0,below transition,8.03402824191662,12.36004344910249,1.9779959018099933,245.3401966995445,0.09336403003974902,0.00019,0.001,0.05,1.2,1.8e-05,1000.0,0.0091,0.8,0.015,Exact numerical values generated from Figure_5.m. transition_flow_end_L_min preserves the source code's factor of 100 in Ua_crit_end.
51,1.256281407035176,26.65911944587862,26.65911944587862,3.2408314423110833,2.525600789609553,426.4251897777741,2.525600789609553,,,0.009898634852685839,9.898634852685838,0.0,below transition,8.03402824191662,12.36004344910249,1.9779959018099933,245.3401966995445,0.09336403003974902,0.00019,0.001,0.05,1.2,1.8e-05,1000.0,0.0091,0.8,0.015,Exact numerical values generated from Figure_5.m. transition_flow_end_L_min preserves the source code's factor of 100 in Ua_crit_end.
52,1.2814070351758795,27.192301834796197,27.192301834796197,3.3717610325804523,2.576112805401745,443.6527674447964,2.576112805401745,,,0.009704543973221407,9.704543973221407,0.0,below transition,8.03402824191662,12.36004344910249,1.9779959018099933,245.3401966995445,0.09336403003974902,0.00019,0.001,0.05,1.2,1.8e-05,1000.0,0.0091,0.8,0.015,Exact numerical values generated from Figure_5.m. transition_flow_end_L_min preserves the source code's factor of 100 in Ua_crit_end.
53,1.306532663316583,27.725484223713767,27.725484223713767,3.505283288003669,2.626624821193936,461.2214852636406,2.626624821193936,,,0.009517918127582537,9.517918127582536,0.0,below transition,8.03402824191662,12.36004344910249,1.9779959018099933,245.3401966995445,0.09336403003974902,0.00019,0.001,0.05,1.2,1.8e-05,1000.0,0.0091,0.8,0.015,Exact numerical values generated from Figure_5.m. transition_flow_end_L_min preserves the source code's factor of 100 in Ua_crit_end.
54,1.3316582914572865,28.258666612631338,28.258666612631338,3.6413982085807337,2.6771368369861266,479.13134323430705,2.6771368369861266,,,0.009338334766684754,9.338334766684754,0.0,below transition,8.03402824191662,12.36004344910249,1.9779959018099933,245.3401966995445,0.09336403003974902,0.00019,0.001,0.05,1.2,1.8e-05,1000.0,0.0091,0.8,0.015,Exact numerical values generated from Figure_5.m. transition_flow_end_L_min preserves the source code's factor of 100 in Ua_crit_end.
55,1.35678391959799,28.791849001548908,28.791849001548908,3.780105794311647,2.727648852778317,497.3823413567957,2.727648852778317,,,0.009165402641375777,9.165402641375776,0.0,below transition,8.03402824191662,12.36004344910249,1.9779959018099933,245.3401966995445,0.09336403003974902,0.00019,0.001,0.05,1.2,1.8e-05,1000.0,0.0091,0.8,0.015,Exact numerical values generated from Figure_5.m. transition_flow_end_L_min preserves the source code's factor of 100 in Ua_crit_end.
56,1.3819095477386936,29.32503139046648,29.32503139046648,3.9214060451964103,2.7781608685705086,515.9744796311066,2.7781608685705086,,,0.008998758956987126,8.998758956987126,0.0,below transition,8.03402824191662,12.36004344910249,1.9779959018099933,245.3401966995445,0.09336403003974902,0.00019,0.001,0.05,1.2,1.8e-05,1000.0,0.0091,0.8,0.015,Exact numerical values generated from Figure_5.m. transition_flow_end_L_min preserves the source code's factor of 100 in Ua_crit_end.
57,1.407035175879397,29.858213779384055,29.858213779384055,4.0652989612350225,2.8286728843626996,534.9077580572399,2.8286728843626996,,,0.008838066832755214,8.838066832755214,0.0,below transition,8.03402824191662,12.36004344910249,1.9779959018099933,245.3401966995445,0.09336403003974902,0.00019,0.001,0.05,1.2,1.8e-05,1000.0,0.0091,0.8,0.015,Exact numerical values generated from Figure_5.m. transition_flow_end_L_min preserves the source code's factor of 100 in Ua_crit_end.
58,1.4321608040201006,30.391396168301625,30.391396168301625,4.211784542427484,2.879184900154891,554.1821766351952,2.879184900154891,,,0.00868301302867179,8.683013028671791,0.0,below transition,8.03402824191662,12.36004344910249,1.9779959018099933,245.3401966995445,0.09336403003974902,0.00019,0.001,0.05,1.2,1.8e-05,1000.0,0.0091,0.8,0.015,Exact numerical values generated from Figure_5.m. transition_flow_end_L_min preserves the source code's factor of 100 in Ua_crit_end.
59,1.4572864321608041,30.9245785572192,30.9245785572192,4.360862788773794,2.929696915947082,573.7977353649728,2.929696915947082,,,0.008533305907487793,8.533305907487794,0.0,below transition,8.03402824191662,12.36004344910249,1.9779959018099933,245.3401966995445,0.09336403003974902,0.00019,0.001,0.05,1.2,1.8e-05,1000.0,0.0091,0.8,0.015,Exact numerical values generated from Figure_5.m. transition_flow_end_L_min preserves the source code's factor of 100 in Ua_crit_end.
60,1.4824120603015076,31.457760946136776,31.457760946136776,4.512533700273955,2.9802089317392735,593.7544342465729,2.9802089317392735,,,0.008388673603971048,8.388673603971048,0.0,below transition,8.03402824191662,12.36004344910249,1.9779959018099933,245.3401966995445,0.09336403003974902,0.00019,0.001,0.05,1.2,1.8e-05,1000.0,0.0091,0.8,0.015,Exact numerical values generated from Figure_5.m. transition_flow_end_L_min preserves the source code's factor of 100 in Ua_crit_end.
61,1.5075376884422111,31.990943335054347,31.990943335054347,4.666797276927961,3.0307209475314645,614.0522732799949,3.0307209475314645,,,0.008248862377238198,8.248862377238199,0.0,below transition,8.03402824191662,12.36004344910249,1.9779959018099933,245.3401966995445,0.09336403003974902,0.00019,0.001,0.05,1.2,1.8e-05,1000.0,0.0091,0.8,0.015,Exact numerical values generated from Figure_5.m. transition_flow_end_L_min preserves the source code's factor of 100 in Ua_crit_end.
62,1.5326633165829147,32.52412572397191,32.52412572397191,4.823653518735815,3.081232963323655,634.6912524652389,3.081232963323655,,,0.008113635125152327,8.113635125152326,0.0,below transition,8.03402824191662,12.36004344910249,1.9779959018099933,245.3401966995445,0.09336403003974902,0.00019,0.001,0.05,1.2,1.8e-05,1000.0,0.0091,0.8,0.015,Exact numerical values generated from Figure_5.m. transition_flow_end_L_min preserves the source code's factor of 100 in Ua_crit_end.
63,1.5577889447236182,33.05730811288949,33.05730811288949,4.983102425697521,3.1317449791158465,655.6713718023054,3.1317449791158465,,,0.00798277004248858,7.98277004248858,0.0,below transition,8.03402824191662,12.36004344910249,1.9779959018099933,245.3401966995445,0.09336403003974902,0.00019,0.001,0.05,1.2,1.8e-05,1000.0,0.0091,0.8,0.015,Exact numerical values generated from Figure_5.m. transition_flow_end_L_min preserves the source code's factor of 100 in Ua_crit_end.
64,1.5829145728643217,33.59049050180706,33.59049050180706,5.145143997813076,3.1822569949080375,676.9926312911942,3.1822569949080375,,,0.007856059406893523,7.856059406893523,0.0,below transition,8.03402824191662,12.36004344910249,1.9779959018099933,245.3401966995445,0.09336403003974902,0.00019,0.001,0.05,1.2,1.8e-05,1000.0,0.0091,0.8,0.015,Exact numerical values generated from Figure_5.m. transition_flow_end_L_min preserves the source code's factor of 100 in Ua_crit_end.
65,1.6080402010050252,34.123672890724634,34.123672890724634,5.309778235082479,3.2327690107002285,698.6550309319051,3.2327690107002285,,,0.007733308478660811,7.733308478660811,0.0,below transition,8.03402824191662,12.36004344910249,1.9779959018099933,245.3401966995445,0.09336403003974902,0.00019,0.001,0.05,1.2,1.8e-05,1000.0,0.0091,0.8,0.015,Exact numerical values generated from Figure_5.m. transition_flow_end_L_min preserves the source code's factor of 100 in Ua_crit_end.
66,1.6331658291457287,34.6568552796422,34.6568552796422,5.477005137505729,3.2832810264924186,720.658570724438,3.2832810264924186,,,0.007614334502066031,7.614334502066031,0.0,below transition,8.03402824191662,12.36004344910249,1.9779959018099933,245.3401966995445,0.09336403003974902,0.00019,0.001,0.05,1.2,1.8e-05,1000.0,0.0091,0.8,0.015,Exact numerical values generated from Figure_5.m. transition_flow_end_L_min preserves the source code's factor of 100 in Ua_crit_end.
67,1.6582914572864322,35.190037668559775,35.190037668559775,5.646824705082831,3.33379304228461,743.0032506687935,3.33379304228461,,,0.007498965797489273,7.498965797489273,0.0,below transition,8.03402824191662,12.36004344910249,1.9779959018099933,245.3401966995445,0.09336403003974902,0.00019,0.001,0.05,1.2,1.8e-05,1000.0,0.0091,0.8,0.015,Exact numerical values generated from Figure_5.m. transition_flow_end_L_min preserves the source code's factor of 100 in Ua_crit_end.
68,1.6834170854271358,35.723220057477356,35.723220057477356,5.819236937813783,3.3843050580768024,765.6890707649715,3.3843050580768024,,,0.007387040934840177,7.387040934840177,0.0,below transition,8.03402824191662,12.36004344910249,1.9779959018099933,245.3401966995445,0.09336403003974902,0.00019,0.001,0.05,1.2,1.8e-05,1000.0,0.0091,0.8,0.015,Exact numerical values generated from Figure_5.m. transition_flow_end_L_min preserves the source code's factor of 100 in Ua_crit_end.
69,1.7085427135678393,36.25640244639492,36.25640244639492,5.99424183569858,3.4348170738689925,788.716031012971,3.4348170738689925,,,0.007278407979916058,7.278407979916058,0.0,below transition,8.03402824191662,12.36004344910249,1.9779959018099933,245.3401966995445,0.09336403003974902,0.00019,0.001,0.05,1.2,1.8e-05,1000.0,0.0091,0.8,0.015,Exact numerical values generated from Figure_5.m. transition_flow_end_L_min preserves the source code's factor of 100 in Ua_crit_end.
70,1.7336683417085428,36.789584835312496,36.789584835312496,6.171839398737227,3.4853290896611835,812.084131412793,3.4853290896611835,,,0.007172923806294086,7.172923806294086,0.0,below transition,8.03402824191662,12.36004344910249,1.9779959018099933,245.3401966995445,0.09336403003974902,0.00019,0.001,0.05,1.2,1.8e-05,1000.0,0.0091,0.8,0.015,Exact numerical values generated from Figure_5.m. transition_flow_end_L_min preserves the source code's factor of 100 in Ua_crit_end.
71,1.7587939698492463,37.32276722423006,37.32276722423006,6.352029626929721,3.535841105453374,835.793371964437,3.535841105453374,,,0.007070453466204171,7.070453466204171,0.0,below transition,8.03402824191662,12.36004344910249,1.9779959018099933,245.3401966995445,0.09336403003974902,0.00019,0.001,0.05,1.2,1.8e-05,1000.0,0.0091,0.8,0.015,Exact numerical values generated from Figure_5.m. transition_flow_end_L_min preserves the source code's factor of 100 in Ua_crit_end.
72,1.7839195979899498,37.85594961314764,37.85594961314764,6.534812520276067,3.5863531212455655,859.8437526679036,3.5863531212455655,,,0.006970869614567493,6.970869614567492,0.0,below transition,8.03402824191662,12.36004344910249,1.9779959018099933,245.3401966995445,0.09336403003974902,0.00019,0.001,0.05,1.2,1.8e-05,1000.0,0.0091,0.8,0.015,Exact numerical values generated from Figure_5.m. transition_flow_end_L_min preserves the source code's factor of 100 in Ua_crit_end.
73,1.8090452261306533,38.38913200206521,38.38913200206521,6.720188078776261,3.6368651370377565,884.2352735231923,3.6368651370377565,,,0.006874051981031833,6.874051981031833,0.0,below transition,8.03402824191662,12.36004344910249,1.9779959018099933,245.3401966995445,0.09336403003974902,0.00019,0.001,0.05,1.2,1.8e-05,1000.0,0.0091,0.8,0.015,Exact numerical values generated from Figure_5.m. transition_flow_end_L_min preserves the source code's factor of 100 in Ua_crit_end.
74,1.8341708542713568,38.92231439098278,38.92231439098278,6.908156302430304,3.687377152829947,908.9679345303031,3.687377152829947,,,0.006779886885401261,6.779886885401261,0.0,below transition,8.03402824191662,12.36004344910249,1.9779959018099933,245.3401966995445,0.09336403003974902,0.00019,0.001,0.05,1.2,1.8e-05,1000.0,0.0091,0.8,0.015,Exact numerical values generated from Figure_5.m. transition_flow_end_L_min preserves the source code's factor of 100 in Ua_crit_end.
75,1.8592964824120604,39.45549677990035,39.45549677990035,7.098717191238195,3.7378891686221385,934.0417356892361,3.7378891686221385,,,0.006688266792355297,6.6882667923552965,0.0,below transition,8.03402824191662,12.36004344910249,1.9779959018099933,245.3401966995445,0.09336403003974902,0.00019,0.001,0.05,1.2,1.8e-05,1000.0,0.0091,0.8,0.015,Exact numerical values generated from Figure_5.m. transition_flow_end_L_min preserves the source code's factor of 100 in Ua_crit_end.
76,1.8844221105527639,39.98867916881793,39.98867916881793,7.2918707451999385,3.78840118441433,959.4566769999918,3.78840118441433,,,0.006599089901790559,6.599089901790559,0.0,below transition,8.03402824191662,12.36004344910249,1.9779959018099933,245.3401966995445,0.09336403003974902,0.00019,0.001,0.05,1.2,1.8e-05,1000.0,0.0091,0.8,0.015,Exact numerical values generated from Figure_5.m. transition_flow_end_L_min preserves the source code's factor of 100 in Ua_crit_end.
77,1.9095477386934674,40.521861557735505,40.521861557735505,7.487616964315529,3.8389132002065214,985.2127584625696,3.8389132002065214,,,0.006512259771503841,6.5122597715038415,0.0,below transition,8.03402824191662,12.36004344910249,1.9779959018099933,245.3401966995445,0.09336403003974902,0.00019,0.001,0.05,1.2,1.8e-05,1000.0,0.0091,0.8,0.015,Exact numerical values generated from Figure_5.m. transition_flow_end_L_min preserves the source code's factor of 100 in Ua_crit_end.
78,1.934673366834171,41.05504394665308,41.05504394665308,7.685955848584967,3.8894252159987124,1011.3099800769693,3.8894252159987124,,,0.006427684969276517,6.427684969276517,0.0,below transition,8.03402824191662,12.36004344910249,1.9779959018099933,245.3401966995445,0.09336403003974902,0.00019,0.001,0.05,1.2,1.8e-05,1000.0,0.0091,0.8,0.015,Exact numerical values generated from Figure_5.m. transition_flow_end_L_min preserves the source code's factor of 100 in Ua_crit_end.
79,1.9597989949748744,41.588226335570646,41.588226335570646,7.886887398008251,3.9399372317909034,1037.748341843191,3.9399372317909034,,,0.006345278751721692,6.345278751721692,0.0,below transition,8.03402824191662,12.36004344910249,1.9779959018099933,245.3401966995445,0.09336403003974902,0.00019,0.001,0.05,1.2,1.8e-05,1000.0,0.0091,0.8,0.015,Exact numerical values generated from Figure_5.m. transition_flow_end_L_min preserves the source code's factor of 100 in Ua_crit_end.
80,1.984924623115578,42.12140872448822,42.12140872448822,8.090411612585388,3.9904492475830944,1064.5278437612353,3.9965001783450993,3.9904492475830944,3.9965001783450993,0.006264958767522682,6.264958767522682,0.0005051927966298233,transition blend,8.03402824191662,12.36004344910249,1.9779959018099933,245.3401966995445,0.09336403003974902,0.00019,0.001,0.05,1.2,1.8e-05,1000.0,0.0091,0.8,0.015,Exact numerical values generated from Figure_5.m. transition_flow_end_L_min preserves the source code's factor of 100 in Ua_crit_end.
81,2.0100502512562817,42.65459111340579,42.65459111340579,8.296528492316375,4.040961263375285,1091.6484858311019,4.171688651971997,4.040961263375285,4.171688651971997,0.006186646782928649,6.186646782928649,0.010599146144118905,transition blend,8.03402824191662,12.36004344910249,1.9779959018099933,245.3401966995445,0.09336403003974902,0.00019,0.001,0.05,1.2,1.8e-05,1000.0,0.0091,0.8,0.015,Exact numerical values generated from Figure_5.m. transition_flow_end_L_min preserves the source code's factor of 100 in Ua_crit_end.
82,2.035175879396985,43.18777350232337,43.18777350232337,8.50523803720121,4.091473279167476,1119.1102680527906,4.510529283296679,4.091473279167476,4.510529283296679,0.00611026842758385,6.11026842758385,0.03300906167922602,transition blend,8.03402824191662,12.36004344910249,1.9779959018099933,245.3401966995445,0.09336403003974902,0.00019,0.001,0.05,1.2,1.8e-05,1000.0,0.0091,0.8,0.015,Exact numerical values generated from Figure_5.m. transition_flow_end_L_min preserves the source code's factor of 100 in Ua_crit_end.
83,2.0603015075376887,43.72095589124094,43.72095589124094,8.716540247239891,4.141985294959668,1146.9131904263015,5.014759337388055,4.141985294959668,5.014759337388055,0.0060357529589547786,6.035752958954778,0.06681926572211379,transition blend,8.03402824191662,12.36004344910249,1.9779959018099933,245.3401966995445,0.09336403003974902,0.00019,0.001,0.05,1.2,1.8e-05,1000.0,0.0091,0.8,0.015,Exact numerical values generated from Figure_5.m. transition_flow_end_L_min preserves the source code's factor of 100 in Ua_crit_end.
84,2.085427135678392,44.25413828015851,44.25413828015851,8.930435122432419,4.192497310751858,1175.0572529516342,5.683834781871867,4.192497310751858,5.683834781871867,0.005963033043786649,5.963033043786649,0.11101744510852936,transition blend,8.03402824191662,12.36004344910249,1.9779959018099933,245.3401966995445,0.09336403003974902,0.00019,0.001,0.05,1.2,1.8e-05,1000.0,0.0091,0.8,0.015,Exact numerical values generated from Figure_5.m. transition_flow_end_L_min preserves the source code's factor of 100 in Ua_crit_end.
85,2.1105527638190957,44.78732066907608,44.78732066907608,9.1469226627788,4.243009326544049,1203.5424556287896,6.51465776690501,4.243009326544049,6.51465776690501,0.0058920445551701416,5.892044555170141,0.16449148923958057,transition blend,8.03402824191662,12.36004344910249,1.9779959018099933,245.3401966995445,0.09336403003974902,0.00019,0.001,0.05,1.2,1.8e-05,1000.0,0.0091,0.8,0.015,Exact numerical values generated from Figure_5.m. transition_flow_end_L_min preserves the source code's factor of 100 in Ua_crit_end.
86,2.1356783919597992,45.320503057993655,45.320503057993655,9.36600286827903,4.293521342336241,1232.3687984577673,7.501288901720457,4.293521342336241,7.501288901720457,0.005822726383932847,5.822726383932847,0.2260262933836498,transition blend,8.03402824191662,12.36004344910249,1.9779959018099933,245.3401966995445,0.09336403003974902,0.00019,0.001,0.05,1.2,1.8e-05,1000.0,0.0091,0.8,0.015,Exact numerical values generated from Figure_5.m. transition_flow_end_L_min preserves the source code's factor of 100 in Ua_crit_end.
87,2.1608040201005028,45.853685446911236,45.853685446911236,9.587675738933115,4.344033358128433,1261.5362814385676,8.634643883424394,4.344033358128433,8.634643883424394,0.0057550202631894394,5.755020263189439,0.2943005232304629,transition blend,8.03402824191662,12.36004344910249,1.9779959018099933,245.3401966995445,0.09336403003974902,0.00019,0.001,0.05,1.2,1.8e-05,1000.0,0.0091,0.8,0.015,Exact numerical values generated from Figure_5.m. transition_flow_end_L_min preserves the source code's factor of 100 in Ua_crit_end.
88,2.1859296482412063,46.38686783582881,46.38686783582881,9.811941274741041,4.394545373920624,1291.0449045711896,9.90217402817482,4.394545373920624,9.90217402817482,0.00568887060499186,5.68887060499186,0.3678833406972892,transition blend,8.03402824191662,12.36004344910249,1.9779959018099933,245.3401966995445,0.09336403003974902,0.00019,0.001,0.05,1.2,1.8e-05,1000.0,0.0091,0.8,0.015,Exact numerical values generated from Figure_5.m. transition_flow_end_L_min preserves the source code's factor of 100 in Ua_crit_end.
89,2.21105527638191,46.92005022474638,46.92005022474638,10.038799475702817,4.445057389712815,1320.8946678556338,11.287530249319927,4.445057389712815,11.287530249319927,0.0056242243481169525,5.624224348116953,0.44523109098730274,transition blend,8.03402824191662,12.36004344910249,1.9779959018099933,245.3401966995445,0.09336403003974902,0.00019,0.001,0.05,1.2,1.8e-05,1000.0,0.0091,0.8,0.015,Exact numerical values generated from Figure_5.m. transition_flow_end_L_min preserves the source code's factor of 100 in Ua_crit_end.
90,2.2361809045226133,47.45323261366395,47.45323261366395,10.268250341818439,4.495569405505006,1351.0855712919,12.770210021521898,4.495569405505006,12.770210021521898,0.005561030816115639,5.56103081611564,0.5246839509000734,transition blend,8.03402824191662,12.36004344910249,1.9779959018099933,245.3401966995445,0.09336403003974902,0.00019,0.001,0.05,1.2,1.8e-05,1000.0,0.0091,0.8,0.015,Exact numerical values generated from Figure_5.m. transition_flow_end_L_min preserves the source code's factor of 100 in Ua_crit_end.
91,2.261306532663317,47.986415002581516,47.986415002581516,10.50029387308791,4.546081421297196,1381.6176148799882,14.325186864340816,4.546081421297196,14.325186864340816,0.005499241584825466,5.499241584825466,0.6044625383942104,transition blend,8.03402824191662,12.36004344910249,1.9779959018099933,245.3401966995445,0.09336403003974902,0.00019,0.001,0.05,1.2,1.8e-05,1000.0,0.0091,0.8,0.015,Exact numerical values generated from Figure_5.m. transition_flow_end_L_min preserves the source code's factor of 100 in Ua_crit_end.
92,2.2864321608040203,48.51959739149909,48.51959739149909,10.734930069511234,4.596593437089387,1412.4907986198991,15.922521873201138,4.596593437089387,15.922521873201138,0.005438810358618592,5.438810358618592,0.682664483402146,transition blend,8.03402824191662,12.36004344910249,1.9779959018099933,245.3401966995445,0.09336403003974902,0.00019,0.001,0.05,1.2,1.8e-05,1000.0,0.0091,0.8,0.015,Exact numerical values generated from Figure_5.m. transition_flow_end_L_min preserves the source code's factor of 100 in Ua_crit_end.
93,2.311557788944724,49.052779780416664,49.052779780416664,10.972158931088407,4.647105452881579,1443.7051225116325,17.526956820111618,4.647105452881579,17.526956820111618,0.005379692854720564,5.379692854720563,0.7572609598970651,transition blend,8.03402824191662,12.36004344910249,1.9779959018099933,245.3401966995445,0.09336403003974902,0.00019,0.001,0.05,1.2,1.8e-05,1000.0,0.0091,0.8,0.015,Exact numerical values generated from Figure_5.m. transition_flow_end_L_min preserves the source code's factor of 100 in Ua_crit_end.
94,2.3366834170854274,49.58596216933423,49.58596216933423,11.21198045781942,4.697617468673769,1475.260586555187,19.097488340957884,4.697617468673769,19.097488340957884,0.005321846694992387,5.321846694992387,0.8260931792119793,transition blend,8.03402824191662,12.36004344910249,1.9779959018099933,245.3401966995445,0.09336403003974902,0.00019,0.001,0.05,1.2,1.8e-05,1000.0,0.0091,0.8,0.015,Exact numerical values generated from Figure_5.m. transition_flow_end_L_min preserves the source code's factor of 100 in Ua_crit_end.
95,2.361809045226131,50.119144558251804,50.119144558251804,11.454394649704293,4.74812948446596,1507.157190750565,20.58692272063512,4.74812948446596,20.58692272063512,0.005265231304620126,5.2652313046201265,0.8868688446109552,transition blend,8.03402824191662,12.36004344910249,1.9779959018099933,245.3401966995445,0.09336403003974902,0.00019,0.001,0.05,1.2,1.8e-05,1000.0,0.0091,0.8,0.015,Exact numerical values generated from Figure_5.m. transition_flow_end_L_min preserves the source code's factor of 100 in Ua_crit_end.
96,2.3869346733668344,50.65232694716938,50.65232694716938,11.699401506743012,4.798641500258151,1539.3949350977646,21.941410781735833,4.798641500258151,21.941410781735833,0.005209807817203073,5.209807817203073,0.9371585671124603,transition blend,8.03402824191662,12.36004344910249,1.9779959018099933,245.3401966995445,0.09336403003974902,0.00019,0.001,0.05,1.2,1.8e-05,1000.0,0.0091,0.8,0.015,Exact numerical values generated from Figure_5.m. transition_flow_end_L_min preserves the source code's factor of 100 in Ua_crit_end.
97,2.412060301507538,51.18550933608695,51.18550933608695,11.947001028935578,4.849153516050342,1571.9738195967866,23.09996237695768,4.849153516050342,23.09996237695768,0.005155538985773874,5.155538985773874,0.9743922425648859,transition blend,8.03402824191662,12.36004344910249,1.9779959018099933,245.3401966995445,0.09336403003974902,0.00019,0.001,0.05,1.2,1.8e-05,1000.0,0.0091,0.8,0.015,Exact numerical values generated from Figure_5.m. transition_flow_end_L_min preserves the source code's factor of 100 in Ua_crit_end.
98,2.4371859296482414,51.718691725004525,51.718691725004525,12.197193216281995,4.899665531842533,1604.893844247631,23.993939979842487,4.899665531842533,23.993939979842487,0.005102389099322597,5.102389099322597,0.9958553899741938,transition blend,8.03402824191662,12.36004344910249,1.9779959018099933,245.3401966995445,0.09336403003974902,0.00019,0.001,0.05,1.2,1.8e-05,1000.0,0.0091,0.8,0.015,Exact numerical values generated from Figure_5.m. transition_flow_end_L_min preserves the source code's factor of 100 in Ua_crit_end.
99,2.462311557788945,52.25187411392209,52.25187411392209,12.449978068782254,4.950177547634724,1638.1550090502967,24.57232513575445,4.950177547634724,24.57232513575445,0.00505032390443155,5.050323904431551,1.0,high-We friction,8.03402824191662,12.36004344910249,1.9779959018099933,245.3401966995445,0.09336403003974902,0.00019,0.001,0.05,1.2,1.8e-05,1000.0,0.0091,0.8,0.015,Exact numerical values generated from Figure_5.m. transition_flow_end_L_min preserves the source code's factor of 100 in Ua_crit_end.
100,2.4874371859296485,52.785056502839666,52.785056502839666,12.705355586436372,5.000689563426915,1671.7573140047857,25.076359710071785,5.000689563426915,25.076359710071785,0.004999310531659514,4.999310531659514,1.0,high-We friction,8.03402824191662,12.36004344910249,1.9779959018099933,245.3401966995445,0.09336403003974902,0.00019,0.001,0.05,1.2,1.8e-05,1000.0,0.0091,0.8,0.015,Exact numerical values generated from Figure_5.m. transition_flow_end_L_min preserves the source code's factor of 100 in Ua_crit_end.
101,2.512562814070352,53.31823889175724,53.31823889175724,12.963325769244333,5.051201579219106,1705.7007591110964,25.585511386666447,5.051201579219106,25.585511386666447,0.004949317426342919,4.949317426342919,1.0,high-We friction,8.03402824191662,12.36004344910249,1.9779959018099933,245.3401966995445,0.09336403003974902,0.00019,0.001,0.05,1.2,1.8e-05,1000.0,0.0091,0.8,0.015,Exact numerical values generated from Figure_5.m. transition_flow_end_L_min preserves the source code's factor of 100 in Ua_crit_end.
102,2.5376884422110555,53.85142128067481,53.85142128067481,13.223888617206146,5.101713595011298,1739.9853443692298,26.099780165538444,5.101713595011298,26.099780165538444,0.00490031428350784,4.90031428350784,1.0,high-We friction,8.03402824191662,12.36004344910249,1.9779959018099933,245.3401966995445,0.09336403003974902,0.00019,0.001,0.05,1.2,1.8e-05,1000.0,0.0091,0.8,0.015,Exact numerical values generated from Figure_5.m. transition_flow_end_L_min preserves the source code's factor of 100 in Ua_crit_end.
103,2.562814070351759,54.384603669592394,54.384603669592394,13.48704413032181,5.15222561080349,1774.6110697791855,26.61916604668778,5.15222561080349,26.61916604668778,0.004852271986610704,4.852271986610703,1.0,high-We friction,8.03402824191662,12.36004344910249,1.9779959018099933,245.3401966995445,0.09336403003974902,0.00019,0.001,0.05,1.2,1.8e-05,1000.0,0.0091,0.8,0.015,Exact numerical values generated from Figure_5.m. transition_flow_end_L_min preserves the source code's factor of 100 in Ua_crit_end.
104,2.5879396984924625,54.91778605850997,54.91778605850997,13.752792308591319,5.202737626595681,1809.577935340963,27.143669030114445,5.202737626595681,27.143669030114445,0.004805162549847493,4.805162549847493,1.0,high-We friction,8.03402824191662,12.36004344910249,1.9779959018099933,245.3401966995445,0.09336403003974902,0.00019,0.001,0.05,1.2,1.8e-05,1000.0,0.0091,0.8,0.015,Exact numerical values generated from Figure_5.m. transition_flow_end_L_min preserves the source code's factor of 100 in Ua_crit_end.
105,2.613065326633166,55.450968447427535,55.450968447427535,14.021133152014675,5.253249642387872,1844.8859410545624,27.673289115818434,5.253249642387872,27.673289115818434,0.004758959063791268,4.758959063791268,1.0,high-We friction,8.03402824191662,12.36004344910249,1.9779959018099933,245.3401966995445,0.09336403003974902,0.00019,0.001,0.05,1.2,1.8e-05,1000.0,0.0091,0.8,0.015,Exact numerical values generated from Figure_5.m. transition_flow_end_L_min preserves the source code's factor of 100 in Ua_crit_end.
106,2.6381909547738696,55.98415083634511,55.98415083634511,14.29206666059188,5.303761658180063,1880.5350869199842,28.208026303799763,5.303761658180063,28.208026303799763,0.004713635644136113,4.713635644136113,1.0,high-We friction,8.03402824191662,12.36004344910249,1.9779959018099933,245.3401966995445,0.09336403003974902,0.00019,0.001,0.05,1.2,1.8e-05,1000.0,0.0091,0.8,0.015,Exact numerical values generated from Figure_5.m. transition_flow_end_L_min preserves the source code's factor of 100 in Ua_crit_end.
107,2.663316582914573,56.517333225262675,56.517333225262675,14.565592834322935,5.354273673972253,1916.5253729372282,28.747880594058422,5.354273673972253,28.747880594058422,0.004669167383342377,4.669167383342377,1.0,high-We friction,8.03402824191662,12.36004344910249,1.9779959018099933,245.3401966995445,0.09336403003974902,0.00019,0.001,0.05,1.2,1.8e-05,1000.0,0.0091,0.8,0.015,Exact numerical values generated from Figure_5.m. transition_flow_end_L_min preserves the source code's factor of 100 in Ua_crit_end.
108,2.6884422110552766,57.05051561418025,57.05051561418025,14.84171167320784,5.404785689764444,1952.8567991062946,29.292851986594417,5.404785689764444,29.292851986594417,0.004625530304993382,4.625530304993382,1.0,high-We friction,8.03402824191662,12.36004344910249,1.9779959018099933,245.3401966995445,0.09336403003974902,0.00019,0.001,0.05,1.2,1.8e-05,1000.0,0.0091,0.8,0.015,Exact numerical values generated from Figure_5.m. transition_flow_end_L_min preserves the source code's factor of 100 in Ua_crit_end.
109,2.71356783919598,57.583698003097815,57.583698003097815,15.120423177246588,5.455297705556634,1989.5293654271827,29.84294048140774,5.455297705556634,29.84294048140774,0.004582701320687888,4.582701320687888,1.0,high-We friction,8.03402824191662,12.36004344910249,1.9779959018099933,245.3401966995445,0.09336403003974902,0.00019,0.001,0.05,1.2,1.8e-05,1000.0,0.0091,0.8,0.015,Exact numerical values generated from Figure_5.m. transition_flow_end_L_min preserves the source code's factor of 100 in Ua_crit_end.
110,2.7386934673366836,58.11688039201539,58.11688039201539,15.401727346439193,5.505809721348826,2026.5430718998937,30.398146078498403,5.505809721348826,30.398146078498403,0.00454065818930543,4.5406581893054305,1.0,high-We friction,8.03402824191662,12.36004344910249,1.9779959018099933,245.3401966995445,0.09336403003974902,0.00019,0.001,0.05,1.2,1.8e-05,1000.0,0.0091,0.8,0.015,Exact numerical values generated from Figure_5.m. transition_flow_end_L_min preserves the source code's factor of 100 in Ua_crit_end.
111,2.763819095477387,58.65006278093296,58.65006278093296,15.685624180785641,5.556321737141017,2063.8979185244266,30.958468777866397,5.556321737141017,30.958468777866397,0.004499379478493563,4.499379478493563,1.0,high-We friction,8.03402824191662,12.36004344910249,1.9779959018099933,245.3401966995445,0.09336403003974902,0.00019,0.001,0.05,1.2,1.8e-05,1000.0,0.0091,0.8,0.015,Exact numerical values generated from Figure_5.m. transition_flow_end_L_min preserves the source code's factor of 100 in Ua_crit_end.
112,2.7889447236180906,59.18324516985054,59.18324516985054,15.972113680285943,5.606833752933208,2101.593905300782,31.523908579511726,5.606833752933208,31.523908579511726,0.004458844528236865,4.458844528236865,1.0,high-We friction,8.03402824191662,12.36004344910249,1.9779959018099933,245.3401966995445,0.09336403003974902,0.00019,0.001,0.05,1.2,1.8e-05,1000.0,0.0091,0.8,0.015,Exact numerical values generated from Figure_5.m. transition_flow_end_L_min preserves the source code's factor of 100 in Ua_crit_end.
113,2.814070351758794,59.71642755876811,59.71642755876811,16.26119584494009,5.657345768725399,2139.6310322289596,32.09446548343439,5.657345768725399,32.09446548343439,0.004419033416377607,4.419033416377607,1.0,high-We friction,8.03402824191662,12.36004344910249,1.9779959018099933,245.3401966995445,0.09336403003974902,0.00019,0.001,0.05,1.2,1.8e-05,1000.0,0.0091,0.8,0.015,Exact numerical values generated from Figure_5.m. transition_flow_end_L_min preserves the source code's factor of 100 in Ua_crit_end.
114,2.8391959798994977,60.24960994768568,60.24960994768568,16.552870674748085,5.70785778451759,2178.009299308959,32.67013948963438,5.70785778451759,32.67013948963438,0.004379926925967186,4.379926925967186,1.0,high-We friction,8.03402824191662,12.36004344910249,1.9779959018099933,245.3401966995445,0.09336403003974902,0.00019,0.001,0.05,1.2,1.8e-05,1000.0,0.0091,0.8,0.015,Exact numerical values generated from Figure_5.m. transition_flow_end_L_min preserves the source code's factor of 100 in Ua_crit_end.
115,2.864321608040201,60.78279233660325,60.78279233660325,16.847138169709936,5.758369800309782,2216.728706540781,33.250930598111715,5.758369800309782,33.250930598111715,0.004341506514335895,4.3415065143358955,1.0,high-We friction,8.03402824191662,12.36004344910249,1.9779959018099933,245.3401966995445,0.09336403003974902,0.00019,0.001,0.05,1.2,1.8e-05,1000.0,0.0091,0.8,0.015,Exact numerical values generated from Figure_5.m. transition_flow_end_L_min preserves the source code's factor of 100 in Ua_crit_end.
116,2.8894472361809047,61.315974725520825,61.315974725520825,17.14399832982563,5.808881816101973,2255.7892539244253,33.83683880886638,5.808881816101973,33.83683880886638,0.004303754283776451,4.303754283776451,1.0,high-We friction,8.03402824191662,12.36004344910249,1.9779959018099933,245.3401966995445,0.09336403003974902,0.00019,0.001,0.05,1.2,1.8e-05,1000.0,0.0091,0.8,0.015,Exact numerical values generated from Figure_5.m. transition_flow_end_L_min preserves the source code's factor of 100 in Ua_crit_end.
117,2.9145728643216082,61.8491571144384,61.8491571144384,17.443451155095175,5.859393831894164,2295.1909414598913,34.42786412189837,5.859393831894164,34.42786412189837,0.0042666529537438965,4.266652953743897,1.0,high-We friction,8.03402824191662,12.36004344910249,1.9779959018099933,245.3401966995445,0.09336403003974902,0.00019,0.001,0.05,1.2,1.8e-05,1000.0,0.0091,0.8,0.015,Exact numerical values generated from Figure_5.m. transition_flow_end_L_min preserves the source code's factor of 100 in Ua_crit_end.
118,2.9396984924623117,62.38233950335598,62.38233950335598,17.74549664551857,5.909905847686355,2334.9337691471806,35.024006537207704,5.909905847686355,35.024006537207704,0.0042301858344811274,4.230185834481127,1.0,high-We friction,8.03402824191662,12.36004344910249,1.9779959018099933,245.3401966995445,0.09336403003974902,0.00019,0.001,0.05,1.2,1.8e-05,1000.0,0.0091,0.8,0.015,Exact numerical values generated from Figure_5.m. transition_flow_end_L_min preserves the source code's factor of 100 in Ua_crit_end.
119,2.9648241206030153,62.91552189227355,62.91552189227355,18.05013480109582,5.960417863478547,2375.0177369862918,35.62526605479437,5.960417863478547,35.62526605479437,0.004194336801985524,4.194336801985524,1.0,high-We friction,8.03402824191662,12.36004344910249,1.9779959018099933,245.3401966995445,0.09336403003974902,0.00019,0.001,0.05,1.2,1.8e-05,1000.0,0.0091,0.8,0.015,Exact numerical values generated from Figure_5.m. transition_flow_end_L_min preserves the source code's factor of 100 in Ua_crit_end.
120,2.9899497487437188,63.44870428119112,63.44870428119112,18.357365621826904,6.010929879270738,2415.442844977224,36.23164267465836,6.010929879270738,36.23164267465836,0.004159090274237747,4.159090274237747,1.0,high-We friction,8.03402824191662,12.36004344910249,1.9779959018099933,245.3401966995445,0.09336403003974902,0.00019,0.001,0.05,1.2,1.8e-05,1000.0,0.0091,0.8,0.015,Exact numerical values generated from Figure_5.m. transition_flow_end_L_min preserves the source code's factor of 100 in Ua_crit_end.
121,3.0150753768844223,63.98188667010869,63.98188667010869,18.667189107711845,6.061441895062929,2456.2090931199796,36.84313639679969,6.061441895062929,36.84313639679969,0.004124431188619099,4.124431188619099,1.0,high-We friction,8.03402824191662,12.36004344910249,1.9779959018099933,245.3401966995445,0.09336403003974902,0.00019,0.001,0.05,1.2,1.8e-05,1000.0,0.0091,0.8,0.015,Exact numerical values generated from Figure_5.m. transition_flow_end_L_min preserves the source code's factor of 100 in Ua_crit_end.
122,3.040201005025126,64.51506905902626,64.51506905902626,18.979605258750627,6.111953910855119,2497.316481414556,37.45974722121834,6.111953910855119,37.45974722121834,0.004090344980448694,4.090344980448694,1.0,high-We friction,8.03402824191662,12.36004344910249,1.9779959018099933,245.3401966995445,0.09336403003974902,0.00019,0.001,0.05,1.2,1.8e-05,1000.0,0.0091,0.8,0.015,Exact numerical values generated from Figure_5.m. transition_flow_end_L_min preserves the source code's factor of 100 in Ua_crit_end.
123,3.0653266331658293,65.04825144794383,65.04825144794383,19.29461407494326,6.16246592664731,2538.7650098609556,38.08147514791433,6.16246592664731,38.08147514791433,0.0040568175625761635,4.056817562576163,1.0,high-We friction,8.03402824191662,12.36004344910249,1.9779959018099933,245.3401966995445,0.09336403003974902,0.00019,0.001,0.05,1.2,1.8e-05,1000.0,0.0091,0.8,0.015,Exact numerical values generated from Figure_5.m. transition_flow_end_L_min preserves the source code's factor of 100 in Ua_crit_end.
124,3.090452261306533,65.58143383686141,65.58143383686141,19.612215556289755,6.212977942439501,2580.5546784591784,38.708320176887675,6.212977942439501,38.708320176887675,0.004023835305969853,4.023835305969853,1.0,high-We friction,8.03402824191662,12.36004344910249,1.9779959018099933,245.3401966995445,0.09336403003974902,0.00019,0.001,0.05,1.2,1.8e-05,1000.0,0.0091,0.8,0.015,Exact numerical values generated from Figure_5.m. transition_flow_end_L_min preserves the source code's factor of 100 in Ua_crit_end.
125,3.1155778894472363,66.11461622577897,66.11461622577897,19.932409702790086,6.263489958231693,2622.6854872092217,39.34028230813833,6.263489958231693,39.34028230813833,0.00399138502124429,3.99138502124429,1.0,high-We friction,8.03402824191662,12.36004344910249,1.9779959018099933,245.3401966995445,0.09336403003974902,0.00019,0.001,0.05,1.2,1.8e-05,1000.0,0.0091,0.8,0.015,Exact numerical values generated from Figure_5.m. transition_flow_end_L_min preserves the source code's factor of 100 in Ua_crit_end.
126,3.14070351758794,66.64779861469654,66.64779861469654,20.255196514444265,6.314001974023883,2665.1574361110875,39.97736154166631,6.314001974023883,39.97736154166631,0.0039594539410743364,3.9594539410743366,1.0,high-We friction,8.03402824191662,12.36004344910249,1.9779959018099933,245.3401966995445,0.09336403003974902,0.00019,0.001,0.05,1.2,1.8e-05,1000.0,0.0091,0.8,0.015,Exact numerical values generated from Figure_5.m. transition_flow_end_L_min preserves the source code's factor of 100 in Ua_crit_end.
127,3.1658291457286434,67.18098100361412,67.18098100361412,20.580575991252303,6.364513989816075,2707.970525164777,40.61955787747166,6.364513989816075,40.61955787747166,0.003928029703446761,3.9280297034467613,1.0,high-We friction,8.03402824191662,12.36004344910249,1.9779959018099933,245.3401966995445,0.09336403003974902,0.00019,0.001,0.05,1.2,1.8e-05,1000.0,0.0091,0.8,0.015,Exact numerical values generated from Figure_5.m. transition_flow_end_L_min preserves the source code's factor of 100 in Ua_crit_end.
128,3.190954773869347,67.71416339253169,67.71416339253169,20.908548133214182,6.415026005608265,2751.124754370287,41.266871315554305,6.415026005608265,41.266871315554305,0.003897100335703086,3.8971003357030862,1.0,high-We friction,8.03402824191662,12.36004344910249,1.9779959018099933,245.3401966995445,0.09336403003974902,0.00019,0.001,0.05,1.2,1.8e-05,1000.0,0.0091,0.8,0.015,Exact numerical values generated from Figure_5.m. transition_flow_end_L_min preserves the source code's factor of 100 in Ua_crit_end.
129,3.2160804020100504,68.24734578144927,68.24734578144927,21.239112940329917,6.465538021400457,2794.6201237276205,41.919301855914306,6.465538021400457,41.919301855914306,0.0038666542393304055,3.8666542393304053,1.0,high-We friction,8.03402824191662,12.36004344910249,1.9779959018099933,245.3401966995445,0.09336403003974902,0.00019,0.001,0.05,1.2,1.8e-05,1000.0,0.0091,0.8,0.015,Exact numerical values generated from Figure_5.m. transition_flow_end_L_min preserves the source code's factor of 100 in Ua_crit_end.
130,3.241206030150754,68.78052817036684,68.78052817036684,21.572270412599494,6.516050037192647,2838.4566332367754,42.57684949855163,6.516050037192647,42.57684949855163,0.0038366801754596276,3.8366801754596276,1.0,high-We friction,8.03402824191662,12.36004344910249,1.9779959018099933,245.3401966995445,0.09336403003974902,0.00019,0.001,0.05,1.2,1.8e-05,1000.0,0.0091,0.8,0.015,Exact numerical values generated from Figure_5.m. transition_flow_end_L_min preserves the source code's factor of 100 in Ua_crit_end.
131,3.2663316582914574,69.3137105592844,69.3137105592844,21.908020550022915,6.566562052984837,2882.634282897752,43.23951424346628,6.566562052984837,43.23951424346628,0.0038071672510330153,3.8071672510330155,1.0,high-We friction,8.03402824191662,12.36004344910249,1.9779959018099933,245.3401966995445,0.09336403003974902,0.00019,0.001,0.05,1.2,1.8e-05,1000.0,0.0091,0.8,0.015,Exact numerical values generated from Figure_5.m. transition_flow_end_L_min preserves the source code's factor of 100 in Ua_crit_end.
132,3.291457286432161,69.84689294820198,69.84689294820198,22.2463633526002,6.61707406877703,2927.1530727105524,43.907296090658285,6.61707406877703,43.907296090658285,0.003778104905605282,3.7781049056052822,1.0,high-We friction,8.03402824191662,12.36004344910249,1.9779959018099933,245.3401966995445,0.09336403003974902,0.00019,0.001,0.05,1.2,1.8e-05,1000.0,0.0091,0.8,0.015,Exact numerical values generated from Figure_5.m. transition_flow_end_L_min preserves the source code's factor of 100 in Ua_crit_end.
133,3.3165829145728645,70.38007533711955,70.38007533711955,22.587298820331323,6.66758608456922,2972.013002675174,44.580195040127606,6.66758608456922,44.580195040127606,0.0037494828987446366,3.7494828987446365,1.0,high-We friction,8.03402824191662,12.36004344910249,1.9779959018099933,245.3401966995445,0.09336403003974902,0.00019,0.001,0.05,1.2,1.8e-05,1000.0,0.0091,0.8,0.015,Exact numerical values generated from Figure_5.m. transition_flow_end_L_min preserves the source code's factor of 100 in Ua_crit_end.
134,3.341708542713568,70.91325772603713,70.91325772603713,22.930826953216304,6.718098100361412,3017.214072791619,45.25821109187428,6.718098100361412,45.25821109187428,0.0037212912980021944,3.7212912980021944,1.0,high-We friction,8.03402824191662,12.36004344910249,1.9779959018099933,245.3401966995445,0.09336403003974902,0.00019,0.001,0.05,1.2,1.8e-05,1000.0,0.0091,0.8,0.015,Exact numerical values generated from Figure_5.m. transition_flow_end_L_min preserves the source code's factor of 100 in Ua_crit_end.
135,3.3668341708542715,71.44644011495471,71.44644011495471,23.276947751255133,6.768610116153605,3062.756283059886,45.941344245898286,6.768610116153605,45.941344245898286,0.0036935204674200884,3.6935204674200883,1.0,high-We friction,8.03402824191662,12.36004344910249,1.9779959018099933,245.3401966995445,0.09336403003974902,0.00019,0.001,0.05,1.2,1.8e-05,1000.0,0.0091,0.8,0.015,Exact numerical values generated from Figure_5.m. transition_flow_end_L_min preserves the source code's factor of 100 in Ua_crit_end.
136,3.391959798994975,71.97962250387228,71.97962250387228,23.6256612144478,6.819122131945795,3108.639633479974,46.6295945021996,6.819122131945795,46.6295945021996,0.0036661610565503107,3.666161056550311,1.0,high-We friction,8.03402824191662,12.36004344910249,1.9779959018099933,245.3401966995445,0.09336403003974902,0.00019,0.001,0.05,1.2,1.8e-05,1000.0,0.0091,0.8,0.015,Exact numerical values generated from Figure_5.m. transition_flow_end_L_min preserves the source code's factor of 100 in Ua_crit_end.
137,3.4170854271356785,72.51280489278984,72.51280489278984,23.97696734279432,6.869634147737985,3154.864124051884,47.32296186077826,6.869634147737985,47.32296186077826,0.003639203989958029,3.639203989958029,1.0,high-We friction,8.03402824191662,12.36004344910249,1.9779959018099933,245.3401966995445,0.09336403003974902,0.00019,0.001,0.05,1.2,1.8e-05,1000.0,0.0091,0.8,0.015,Exact numerical values generated from Figure_5.m. transition_flow_end_L_min preserves the source code's factor of 100 in Ua_crit_end.
138,3.442211055276382,73.04598728170743,73.04598728170743,24.330866136294695,6.920146163530177,3201.4297547756178,48.021446321634265,6.920146163530177,48.021446321634265,0.003612640457184612,3.6126404571846122,1.0,high-We friction,8.03402824191662,12.36004344910249,1.9779959018099933,245.3401966995445,0.09336403003974902,0.00019,0.001,0.05,1.2,1.8e-05,1000.0,0.0091,0.8,0.015,Exact numerical values generated from Figure_5.m. transition_flow_end_L_min preserves the source code's factor of 100 in Ua_crit_end.
139,3.4673366834170856,73.57916967062499,73.57916967062499,24.687357594948907,6.970658179322367,3248.336525651172,48.72504788476758,6.970658179322367,48.72504788476758,0.003586461903147043,3.586461903147043,1.0,high-We friction,8.03402824191662,12.36004344910249,1.9779959018099933,245.3401966995445,0.09336403003974902,0.00019,0.001,0.05,1.2,1.8e-05,1000.0,0.0091,0.8,0.015,Exact numerical values generated from Figure_5.m. transition_flow_end_L_min preserves the source code's factor of 100 in Ua_crit_end.
140,3.492462311557789,74.11235205954256,74.11235205954256,25.046441718756974,7.021170195114558,3295.584436678549,49.433766550178234,7.021170195114558,49.433766550178234,0.003560660018951741,3.560660018951741,1.0,high-We friction,8.03402824191662,12.36004344910249,1.9779959018099933,245.3401966995445,0.09336403003974902,0.00019,0.001,0.05,1.2,1.8e-05,1000.0,0.0091,0.8,0.015,Exact numerical values generated from Figure_5.m. transition_flow_end_L_min preserves the source code's factor of 100 in Ua_crit_end.
141,3.5175879396984926,74.64553444846013,74.64553444846013,25.408118507718886,7.071682210906748,3343.173487857748,50.14760231786622,7.071682210906748,50.14760231786622,0.0035352267331020854,3.5352267331020855,1.0,high-We friction,8.03402824191662,12.36004344910249,1.9779959018099933,245.3401966995445,0.09336403003974902,0.00019,0.001,0.05,1.2,1.8e-05,1000.0,0.0091,0.8,0.015,Exact numerical values generated from Figure_5.m. transition_flow_end_L_min preserves the source code's factor of 100 in Ua_crit_end.
142,3.542713567839196,75.1787168373777,75.1787168373777,25.772387961834657,7.122194226698941,3391.1036791887705,50.86655518783156,7.122194226698941,50.86655518783156,0.0035101542030800846,3.5101542030800847,1.0,high-We friction,8.03402824191662,12.36004344910249,1.9779959018099933,245.3401966995445,0.09336403003974902,0.00019,0.001,0.05,1.2,1.8e-05,1000.0,0.0091,0.8,0.015,Exact numerical values generated from Figure_5.m. transition_flow_end_L_min preserves the source code's factor of 100 in Ua_crit_end.
143,3.5678391959798996,75.71189922629527,75.71189922629527,26.13925008110427,7.172706242491131,3439.3750106716143,51.59062516007421,7.172706242491131,51.59062516007421,0.0034854348072837463,3.485434807283746,1.0,high-We friction,8.03402824191662,12.36004344910249,1.9779959018099933,245.3401966995445,0.09336403003974902,0.00019,0.001,0.05,1.2,1.8e-05,1000.0,0.0091,0.8,0.015,Exact numerical values generated from Figure_5.m. transition_flow_end_L_min preserves the source code's factor of 100 in Ua_crit_end.
144,3.592964824120603,76.24508161521285,76.24508161521285,26.508704865527736,7.223218258283323,3487.9874823062814,52.31981223459422,7.223218258283323,52.31981223459422,0.0034610611373027404,3.4610611373027402,1.0,high-We friction,8.03402824191662,12.36004344910249,1.9779959018099933,245.3401966995445,0.09336403003974902,0.00019,0.001,0.05,1.2,1.8e-05,1000.0,0.0091,0.8,0.015,Exact numerical values generated from Figure_5.m. transition_flow_end_L_min preserves the source code's factor of 100 in Ua_crit_end.
145,3.6180904522613067,76.77826400413042,76.77826400413042,26.880752315105045,7.273730274075513,3536.941094092769,53.05411641139153,7.273730274075513,53.05411641139153,0.0034370259905159165,3.4370259905159166,1.0,high-We friction,8.03402824191662,12.36004344910249,1.9779959018099933,245.3401966995445,0.09336403003974902,0.00019,0.001,0.05,1.2,1.8e-05,1000.0,0.0091,0.8,0.015,Exact numerical values generated from Figure_5.m. transition_flow_end_L_min preserves the source code's factor of 100 in Ua_crit_end.
146,3.64321608040201,77.31144639304799,77.31144639304799,27.255392429836203,7.324242289867704,3586.2358460310793,53.79353769046619,7.324242289867704,53.79353769046619,0.003413322362995117,3.413322362995117,1.0,high-We friction,8.03402824191662,12.36004344910249,1.9779959018099933,245.3401966995445,0.09336403003974902,0.00019,0.001,0.05,1.2,1.8e-05,1000.0,0.0091,0.8,0.015,Exact numerical values generated from Figure_5.m. transition_flow_end_L_min preserves the source code's factor of 100 in Ua_crit_end.
147,3.6683417085427137,77.84462878196555,77.84462878196555,27.632625209721215,7.374754305659894,3635.8717381212123,54.53807607181818,7.374754305659894,54.53807607181818,0.0033899434427006304,3.3899434427006305,1.0,high-We friction,8.03402824191662,12.36004344910249,1.9779959018099933,245.3401966995445,0.09336403003974902,0.00019,0.001,0.05,1.2,1.8e-05,1000.0,0.0091,0.8,0.015,Exact numerical values generated from Figure_5.m. transition_flow_end_L_min preserves the source code's factor of 100 in Ua_crit_end.
148,3.693467336683417,78.37781117088313,78.37781117088313,28.012450654760077,7.425266321452087,3685.848770363168,55.28773155544752,7.425266321452087,55.28773155544752,0.0033668826029543673,3.3668826029543673,1.0,high-We friction,8.03402824191662,12.36004344910249,1.9779959018099933,245.3401966995445,0.09336403003974902,0.00019,0.001,0.05,1.2,1.8e-05,1000.0,0.0091,0.8,0.015,Exact numerical values generated from Figure_5.m. transition_flow_end_L_min preserves the source code's factor of 100 in Ua_crit_end.
149,3.7185929648241207,78.9109935598007,78.9109935598007,28.39486876495278,7.475778337244277,3736.1669427569445,56.042504141354165,7.475778337244277,56.042504141354165,0.0033441333961776484,3.3441333961776483,1.0,high-We friction,8.03402824191662,12.36004344910249,1.9779959018099933,245.3401966995445,0.09336403003974902,0.00019,0.001,0.05,1.2,1.8e-05,1000.0,0.0091,0.8,0.015,Exact numerical values generated from Figure_5.m. transition_flow_end_L_min preserves the source code's factor of 100 in Ua_crit_end.
150,3.7437185929648242,79.44417594871828,79.44417594871828,28.77987954029934,7.526290353036469,3786.8262553025447,56.80239382953817,7.526290353036469,56.80239382953817,0.0033216895478811537,3.321689547881154,1.0,high-We friction,8.03402824191662,12.36004344910249,1.9779959018099933,245.3401966995445,0.09336403003974902,0.00019,0.001,0.05,1.2,1.8e-05,1000.0,0.0091,0.8,0.015,Exact numerical values generated from Figure_5.m. transition_flow_end_L_min preserves the source code's factor of 100 in Ua_crit_end.
151,3.7688442211055277,79.97735833763586,79.97735833763586,29.167482980799754,7.57680236882866,3837.8267079999673,57.56740061999951,7.57680236882866,57.56740061999951,0.0032995449508952794,3.2995449508952794,1.0,high-We friction,8.03402824191662,12.36004344910249,1.9779959018099933,245.3401966995445,0.09336403003974902,0.00019,0.001,0.05,1.2,1.8e-05,1000.0,0.0091,0.8,0.015,Exact numerical values generated from Figure_5.m. transition_flow_end_L_min preserves the source code's factor of 100 in Ua_crit_end.
152,3.7939698492462313,80.51054072655343,80.51054072655343,29.557679086454005,7.627314384620852,3889.168300849211,58.33752451273816,7.627314384620852,58.33752451273816,0.003277693659829748,3.277693659829748,1.0,high-We friction,8.03402824191662,12.36004344910249,1.9779959018099933,245.3401966995445,0.09336403003974902,0.00019,0.001,0.05,1.2,1.8e-05,1000.0,0.0091,0.8,0.015,Exact numerical values generated from Figure_5.m. transition_flow_end_L_min preserves the source code's factor of 100 in Ua_crit_end.
153,3.819095477386935,81.04372311547101,81.04372311547101,29.950467857262115,7.677826400413043,3940.8510338502783,59.112765507754176,7.677826400413043,59.112765507754176,0.0032561298857519206,3.2561298857519207,1.0,high-We friction,8.03402824191662,12.36004344910249,1.9779959018099933,245.3401966995445,0.09336403003974902,0.00019,0.001,0.05,1.2,1.8e-05,1000.0,0.0091,0.8,0.015,Exact numerical values generated from Figure_5.m. transition_flow_end_L_min preserves the source code's factor of 100 in Ua_crit_end.
154,3.8442211055276383,81.57690550438858,81.57690550438858,30.345849293224063,7.728338416205234,3992.874907003166,59.893123605047485,7.728338416205234,59.893123605047485,0.0032348479910738036,3.2348479910738037,1.0,high-We friction,8.03402824191662,12.36004344910249,1.9779959018099933,245.3401966995445,0.09336403003974902,0.00019,0.001,0.05,1.2,1.8e-05,1000.0,0.0091,0.8,0.015,Exact numerical values generated from Figure_5.m. transition_flow_end_L_min preserves the source code's factor of 100 in Ua_crit_end.
155,3.869346733668342,82.11008789330616,82.11008789330616,30.743823394339866,7.778850431997425,4045.239920307877,60.678598804618154,7.778850431997425,60.678598804618154,0.0032138424846382585,3.2138424846382585,1.0,high-We friction,8.03402824191662,12.36004344910249,1.9779959018099933,245.3401966995445,0.09336403003974902,0.00019,0.001,0.05,1.2,1.8e-05,1000.0,0.0091,0.8,0.015,Exact numerical values generated from Figure_5.m. transition_flow_end_L_min preserves the source code's factor of 100 in Ua_crit_end.
156,3.8944723618090453,82.64327028222371,82.64327028222371,31.144390160609507,7.829362447789614,4097.9460737644085,61.46919110646613,7.829362447789614,61.46919110646613,0.003193108016995432,3.1931080169954322,1.0,high-We friction,8.03402824191662,12.36004344910249,1.9779959018099933,245.3401966995445,0.09336403003974902,0.00019,0.001,0.05,1.2,1.8e-05,1000.0,0.0091,0.8,0.015,Exact numerical values generated from Figure_5.m. transition_flow_end_L_min preserves the source code's factor of 100 in Ua_crit_end.
157,3.919597989949749,83.17645267114129,83.17645267114129,31.547549592033004,7.879874463581807,4150.993367372764,62.26490051059145,7.879874463581807,62.26490051059145,0.003172639375860846,3.172639375860846,1.0,high-We friction,8.03402824191662,12.36004344910249,1.9779959018099933,245.3401966995445,0.09336403003974902,0.00019,0.001,0.05,1.2,1.8e-05,1000.0,0.0091,0.8,0.015,Exact numerical values generated from Figure_5.m. transition_flow_end_L_min preserves the source code's factor of 100 in Ua_crit_end.
158,3.9447236180904524,83.70963506005887,83.70963506005887,31.95330168861036,7.930386479373999,4204.381801132942,63.06572701699413,7.930386479373999,63.06572701699413,0.003152431481747082,3.152431481747082,1.0,high-We friction,8.03402824191662,12.36004344910249,1.9779959018099933,245.3401966995445,0.09336403003974902,0.00019,0.001,0.05,1.2,1.8e-05,1000.0,0.0091,0.8,0.015,Exact numerical values generated from Figure_5.m. transition_flow_end_L_min preserves the source code's factor of 100 in Ua_crit_end.
159,3.969849246231156,84.24281744897644,84.24281744897644,32.36164645034155,7.980898495166189,4258.111375044941,63.87167062567411,7.980898495166189,63.87167062567411,0.003132479383761341,3.132479383761341,1.0,high-We friction,8.03402824191662,12.36004344910249,1.9779959018099933,245.3401966995445,0.09336403003974902,0.00019,0.001,0.05,1.2,1.8e-05,1000.0,0.0091,0.8,0.015,Exact numerical values generated from Figure_5.m. transition_flow_end_L_min preserves the source code's factor of 100 in Ua_crit_end.
160,3.9949748743718594,84.77599983789402,84.77599983789402,32.7725838772266,8.03141051095838,4312.182089108764,64.68273133663145,8.03141051095838,64.68273133663145,0.003112778255561584,3.112778255561584,1.0,high-We friction,8.03402824191662,12.36004344910249,1.9779959018099933,245.3401966995445,0.09336403003974902,0.00019,0.001,0.05,1.2,1.8e-05,1000.0,0.0091,0.8,0.015,Exact numerical values generated from Figure_5.m. transition_flow_end_L_min preserves the source code's factor of 100 in Ua_crit_end.
161,4.020100502512563,85.30918222681159,85.30918222681159,33.1861139692655,8.08192252675057,4366.5939433244075,65.49890914986611,8.08192252675057,65.49890914986611,0.0030933233914643243,3.0933233914643243,1.0,high-We friction,8.03402824191662,12.36004344910249,1.9779959018099933,245.3401966995445,0.09336403003974902,0.00019,0.001,0.05,1.2,1.8e-05,1000.0,0.0091,0.8,0.015,Exact numerical values generated from Figure_5.m. transition_flow_end_L_min preserves the source code's factor of 100 in Ua_crit_end.
162,4.045226130653266,85.84236461572917,85.84236461572917,33.602236726458244,8.132434542542763,4421.346937691874,66.3202040653781,8.132434542542763,66.3202040653781,0.003074110202697465,3.0741102026974647,1.0,high-We friction,8.03402824191662,12.36004344910249,1.9779959018099933,245.3401966995445,0.09336403003974902,0.00019,0.001,0.05,1.2,1.8e-05,1000.0,0.0091,0.8,0.015,Exact numerical values generated from Figure_5.m. transition_flow_end_L_min preserves the source code's factor of 100 in Ua_crit_end.
163,4.07035175879397,86.37554700464673,86.37554700464673,34.02095214880484,8.182946558334953,4476.4410722111625,67.14661608316743,8.182946558334953,67.14661608316743,0.003055134213791925,3.055134213791925,1.0,high-We friction,8.03402824191662,12.36004344910249,1.9779959018099933,245.3401966995445,0.09336403003974902,0.00019,0.001,0.05,1.2,1.8e-05,1000.0,0.0091,0.8,0.015,Exact numerical values generated from Figure_5.m. transition_flow_end_L_min preserves the source code's factor of 100 in Ua_crit_end.
164,4.0954773869346734,86.9087293935643,86.9087293935643,34.442260236305266,8.233458574127143,4531.876346882272,67.97814520323408,8.233458574127143,67.97814520323408,0.0030363910591060853,3.0363910591060854,1.0,high-We friction,8.03402824191662,12.36004344910249,1.9779959018099933,245.3401966995445,0.09336403003974902,0.00019,0.001,0.05,1.2,1.8e-05,1000.0,0.0091,0.8,0.015,Exact numerical values generated from Figure_5.m. transition_flow_end_L_min preserves the source code's factor of 100 in Ua_crit_end.
165,4.120603015075377,87.44191178248188,87.44191178248188,34.866160988959564,8.283970589919337,4587.652761705206,68.8147914255781,8.283970589919337,68.8147914255781,0.0030178764794773893,3.017876479477389,1.0,high-We friction,8.03402824191662,12.36004344910249,1.9779959018099933,245.3401966995445,0.09336403003974902,0.00019,0.001,0.05,1.2,1.8e-05,1000.0,0.0091,0.8,0.015,Exact numerical values generated from Figure_5.m. transition_flow_end_L_min preserves the source code's factor of 100 in Ua_crit_end.
166,4.1457286432160805,87.97509417139943,87.97509417139943,35.29265440676769,8.334482605711525,4643.770316679959,69.65655475019939,8.334482605711525,69.65655475019939,0.002999586318995709,2.999586318995709,1.0,high-We friction,8.03402824191662,12.36004344910249,1.9779959018099933,245.3401966995445,0.09336403003974902,0.00019,0.001,0.05,1.2,1.8e-05,1000.0,0.0091,0.8,0.015,Exact numerical values generated from Figure_5.m. transition_flow_end_L_min preserves the source code's factor of 100 in Ua_crit_end.
167,4.170854271356784,88.50827656031701,88.50827656031701,35.721740489729676,8.384994621503717,4700.229011806537,70.50343517709804,8.384994621503717,70.50343517709804,0.0029815165218933246,2.9815165218933246,1.0,high-We friction,8.03402824191662,12.36004344910249,1.9779959018099933,245.3401966995445,0.09336403003974902,0.00019,0.001,0.05,1.2,1.8e-05,1000.0,0.0091,0.8,0.015,Exact numerical values generated from Figure_5.m. transition_flow_end_L_min preserves the source code's factor of 100 in Ua_crit_end.
168,4.1959798994974875,89.04145894923458,89.04145894923458,36.15341923784552,8.435506637295907,4757.028847084936,71.35543270627404,8.435506637295907,71.35543270627404,0.002963663129546659,2.963663129546659,1.0,high-We friction,8.03402824191662,12.36004344910249,1.9779959018099933,245.3401966995445,0.09336403003974902,0.00019,0.001,0.05,1.2,1.8e-05,1000.0,0.0091,0.8,0.015,Exact numerical values generated from Figure_5.m. transition_flow_end_L_min preserves the source code's factor of 100 in Ua_crit_end.
169,4.2211055276381915,89.57464133815216,89.57464133815216,36.5876906511152,8.486018653088099,4814.169822515159,72.21254733772737,8.486018653088099,72.21254733772737,0.0029460222775850708,2.9460222775850706,1.0,high-We friction,8.03402824191662,12.36004344910249,1.9779959018099933,245.3401966995445,0.09336403003974902,0.00019,0.001,0.05,1.2,1.8e-05,1000.0,0.0091,0.8,0.015,Exact numerical values generated from Figure_5.m. transition_flow_end_L_min preserves the source code's factor of 100 in Ua_crit_end.
170,4.2462311557788945,90.10782372706973,90.10782372706973,37.024554729538735,8.536530668880289,4871.651938097202,73.07477907145802,8.536530668880289,73.07477907145802,0.0029285901931023193,2.9285901931023193,1.0,high-We friction,8.03402824191662,12.36004344910249,1.9779959018099933,245.3401966995445,0.09336403003974902,0.00019,0.001,0.05,1.2,1.8e-05,1000.0,0.0091,0.8,0.015,Exact numerical values generated from Figure_5.m. transition_flow_end_L_min preserves the source code's factor of 100 in Ua_crit_end.
171,4.2713567839195985,90.64100611598731,90.64100611598731,37.46401147311612,8.587042684672483,4929.475193831069,73.94212790746603,8.587042684672483,73.94212790746603,0.0029113631919664234,2.9113631919664233,1.0,high-We friction,8.03402824191662,12.36004344910249,1.9779959018099933,245.3401966995445,0.09336403003974902,0.00019,0.001,0.05,1.2,1.8e-05,1000.0,0.0091,0.8,0.015,Exact numerical values generated from Figure_5.m. transition_flow_end_L_min preserves the source code's factor of 100 in Ua_crit_end.
172,4.296482412060302,91.17418850490488,91.17418850490488,37.90606088184735,8.637554700464673,4987.639589716757,74.81459384575135,8.637554700464673,74.81459384575135,0.0028943376762239296,2.8943376762239295,1.0,high-We friction,8.03402824191662,12.36004344910249,1.9779959018099933,245.3401966995445,0.09336403003974902,0.00019,0.001,0.05,1.2,1.8e-05,1000.0,0.0091,0.8,0.015,Exact numerical values generated from Figure_5.m. transition_flow_end_L_min preserves the source code's factor of 100 in Ua_crit_end.
173,4.3216080402010055,91.70737089382247,91.70737089382247,38.35070295573246,8.688066716256866,5046.14512575427,75.69217688631406,8.688066716256866,75.69217688631406,0.0028775101315947197,2.8775101315947196,1.0,high-We friction,8.03402824191662,12.36004344910249,1.9779959018099933,245.3401966995445,0.09336403003974902,0.00019,0.001,0.05,1.2,1.8e-05,1000.0,0.0091,0.8,0.015,Exact numerical values generated from Figure_5.m. transition_flow_end_L_min preserves the source code's factor of 100 in Ua_crit_end.
174,4.346733668341709,92.24055328274002,92.24055328274002,38.797937694771356,8.738578732049055,5104.9918019436,76.574877029154,8.738578732049055,76.574877029154,0.0028608771250537104,2.8608771250537104,1.0,high-We friction,8.03402824191662,12.36004344910249,1.9779959018099933,245.3401966995445,0.09336403003974902,0.00019,0.001,0.05,1.2,1.8e-05,1000.0,0.0091,0.8,0.015,Exact numerical values generated from Figure_5.m. transition_flow_end_L_min preserves the source code's factor of 100 in Ua_crit_end.
175,4.371859296482413,92.77373567165762,92.77373567165762,39.247765098964166,8.789090747841248,5164.179618284758,77.46269427427137,8.789090747841248,77.46269427427137,0.00284443530249593,2.84443530249593,1.0,high-We friction,8.03402824191662,12.36004344910249,1.9779959018099933,245.3401966995445,0.09336403003974902,0.00019,0.001,0.05,1.2,1.8e-05,1000.0,0.0091,0.8,0.015,Exact numerical values generated from Figure_5.m. transition_flow_end_L_min preserves the source code's factor of 100 in Ua_crit_end.
176,4.396984924623116,93.30691806057516,93.30691806057516,39.70018516831077,8.839602763633435,5223.708574777732,78.35562862166597,8.839602763633435,78.35562862166597,0.0028281813864816686,2.8281813864816687,1.0,high-We friction,8.03402824191662,12.36004344910249,1.9779959018099933,245.3401966995445,0.09336403003974902,0.00019,0.001,0.05,1.2,1.8e-05,1000.0,0.0091,0.8,0.015,Exact numerical values generated from Figure_5.m. transition_flow_end_L_min preserves the source code's factor of 100 in Ua_crit_end.
177,4.42211055276382,93.84010044949277,93.84010044949277,40.15519790281127,8.89011477942563,5283.578671422535,79.25368007133802,8.89011477942563,79.25368007133802,0.0028121121740584763,2.8121121740584765,1.0,high-We friction,8.03402824191662,12.36004344910249,1.9779959018099933,245.3401966995445,0.09336403003974902,0.00019,0.001,0.05,1.2,1.8e-05,1000.0,0.0091,0.8,0.015,Exact numerical values generated from Figure_5.m. transition_flow_end_L_min preserves the source code's factor of 100 in Ua_crit_end.
178,4.447236180904523,94.3732828384103,94.3732828384103,40.61280330246556,8.940626795217819,5343.7899082191525,80.15684862328729,8.940626795217819,80.15684862328729,0.0027962245346570165,2.7962245346570165,1.0,high-We friction,8.03402824191662,12.36004344910249,1.9779959018099933,245.3401966995445,0.09336403003974902,0.00019,0.001,0.05,1.2,1.8e-05,1000.0,0.0091,0.8,0.015,Exact numerical values generated from Figure_5.m. transition_flow_end_L_min preserves the source code's factor of 100 in Ua_crit_end.
179,4.472361809045227,94.9064652273279,94.9064652273279,41.073001367273754,8.991138811010012,5404.3422851676,81.06513427751399,8.991138811010012,81.06513427751399,0.0027805154080578196,2.78051540805782,1.0,high-We friction,8.03402824191662,12.36004344910249,1.9779959018099933,245.3401966995445,0.09336403003974902,0.00019,0.001,0.05,1.2,1.8e-05,1000.0,0.0091,0.8,0.015,Exact numerical values generated from Figure_5.m. transition_flow_end_L_min preserves the source code's factor of 100 in Ua_crit_end.
180,4.49748743718593,95.43964761624545,95.43964761624545,41.53579209723576,9.0416508268022,5465.235802267864,81.97853703401795,9.0416508268022,81.97853703401795,0.0027649818024262124,2.7649818024262123,1.0,high-We friction,8.03402824191662,12.36004344910249,1.9779959018099933,245.3401966995445,0.09336403003974902,0.00019,0.001,0.05,1.2,1.8e-05,1000.0,0.0091,0.8,0.015,Exact numerical values generated from Figure_5.m. transition_flow_end_L_min preserves the source code's factor of 100 in Ua_crit_end.
181,4.522613065326634,95.97283000516303,95.97283000516303,42.00117549235164,9.092162842594393,5526.470459519953,82.89705689279928,9.092162842594393,82.89705689279928,0.002749620792412733,2.749620792412733,1.0,high-We friction,8.03402824191662,12.36004344910249,1.9779959018099933,245.3401966995445,0.09336403003974902,0.00019,0.001,0.05,1.2,1.8e-05,1000.0,0.0091,0.8,0.015,Exact numerical values generated from Figure_5.m. transition_flow_end_L_min preserves the source code's factor of 100 in Ua_crit_end.
182,4.547738693467337,96.5060123940806,96.5060123940806,42.469151552621355,9.142674858386583,5588.0462569238625,83.82069385385793,9.142674858386583,83.82069385385793,0.0027344295173165295,2.7344295173165296,1.0,high-We friction,8.03402824191662,12.36004344910249,1.9779959018099933,245.3401966995445,0.09336403003974902,0.00019,0.001,0.05,1.2,1.8e-05,1000.0,0.0091,0.8,0.015,Exact numerical values generated from Figure_5.m. transition_flow_end_L_min preserves the source code's factor of 100 in Ua_crit_end.
183,4.572864321608041,97.03919478299818,97.03919478299818,42.93972027804494,9.193186874178775,5649.9631944795965,84.74944791719395,9.193186874178775,84.74944791719395,0.002719405179309296,2.719405179309296,1.0,high-We friction,8.03402824191662,12.36004344910249,1.9779959018099933,245.3401966995445,0.09336403003974902,0.00019,0.001,0.05,1.2,1.8e-05,1000.0,0.0091,0.8,0.015,Exact numerical values generated from Figure_5.m. transition_flow_end_L_min preserves the source code's factor of 100 in Ua_crit_end.
184,4.597989949748744,97.57237717191575,97.57237717191575,43.41288166862235,9.243698889970965,5712.22127218715,85.68331908280724,9.243698889970965,85.68331908280724,0.002704545041717442,2.704545041717442,1.0,high-We friction,8.03402824191662,12.36004344910249,1.9779959018099933,245.3401966995445,0.09336403003974902,0.00019,0.001,0.05,1.2,1.8e-05,1000.0,0.0091,0.8,0.015,Exact numerical values generated from Figure_5.m. transition_flow_end_L_min preserves the source code's factor of 100 in Ua_crit_end.
185,4.623115577889448,98.10555956083333,98.10555956083333,43.88863572435363,9.294210905763158,5774.82049004653,86.62230735069794,9.294210905763158,86.62230735069794,0.002689846427360282,2.6898464273602816,1.0,high-We friction,8.03402824191662,12.36004344910249,1.9779959018099933,245.3401966995445,0.09336403003974902,0.00019,0.001,0.05,1.2,1.8e-05,1000.0,0.0091,0.8,0.015,Exact numerical values generated from Figure_5.m. transition_flow_end_L_min preserves the source code's factor of 100 in Ua_crit_end.
186,4.648241206030151,98.63874194975088,98.63874194975088,44.36698244523872,9.344722921555347,5837.760848057726,87.5664127208659,9.344722921555347,87.5664127208659,0.0026753067169421186,2.6753067169421185,1.0,high-We friction,8.03402824191662,12.36004344910249,1.9779959018099933,245.3401966995445,0.09336403003974902,0.00019,0.001,0.05,1.2,1.8e-05,1000.0,0.0091,0.8,0.015,Exact numerical values generated from Figure_5.m. transition_flow_end_L_min preserves the source code's factor of 100 in Ua_crit_end.
187,4.673366834170855,99.17192433866846,99.17192433866846,44.84792183127768,9.395234937347539,5901.042346220748,88.51563519331123,9.395234937347539,88.51563519331123,0.0026609233474961936,2.6609233474961935,1.0,high-We friction,8.03402824191662,12.36004344910249,1.9779959018099933,245.3401966995445,0.09336403003974902,0.00019,0.001,0.05,1.2,1.8e-05,1000.0,0.0091,0.8,0.015,Exact numerical values generated from Figure_5.m. transition_flow_end_L_min preserves the source code's factor of 100 in Ua_crit_end.
188,4.698492462311558,99.70510672758603,99.70510672758603,45.3314538824705,9.445746953139729,5964.664984535591,89.46997476803386,9.445746953139729,89.46997476803386,0.002646693810878567,2.646693810878567,1.0,high-We friction,8.03402824191662,12.36004344910249,1.9779959018099933,245.3401966995445,0.09336403003974902,0.00019,0.001,0.05,1.2,1.8e-05,1000.0,0.0091,0.8,0.015,Exact numerical values generated from Figure_5.m. transition_flow_end_L_min preserves the source code's factor of 100 in Ua_crit_end.
189,4.723618090452262,100.23828911650361,100.23828911650361,45.81757859881717,9.49625896893192,6028.62876300226,90.4294314450339,9.49625896893192,90.4294314450339,0.002632615652310063,2.6326156523100632,1.0,high-We friction,8.03402824191662,12.36004344910249,1.9779959018099933,245.3401966995445,0.09336403003974902,0.00019,0.001,0.05,1.2,1.8e-05,1000.0,0.0091,0.8,0.015,Exact numerical values generated from Figure_5.m. transition_flow_end_L_min preserves the source code's factor of 100 in Ua_crit_end.
190,4.748743718592965,100.77147150542119,100.77147150542119,46.306295980317685,9.546770984724112,6092.933681620748,91.39400522431121,9.546770984724112,91.39400522431121,0.0026186864689645073,2.618686468964507,1.0,high-We friction,8.03402824191662,12.36004344910249,1.9779959018099933,245.3401966995445,0.09336403003974902,0.00019,0.001,0.05,1.2,1.8e-05,1000.0,0.0091,0.8,0.015,Exact numerical values generated from Figure_5.m. transition_flow_end_L_min preserves the source code's factor of 100 in Ua_crit_end.
191,4.773869346733669,101.30465389433876,101.30465389433876,46.79760602697205,9.597283000516303,6157.579740391058,92.36369610586587,9.597283000516303,92.36369610586587,0.0026049039086015364,2.6049039086015364,1.0,high-We friction,8.03402824191662,12.36004344910249,1.9779959018099933,245.3401966995445,0.09336403003974902,0.00019,0.001,0.05,1.2,1.8e-05,1000.0,0.0091,0.8,0.015,Exact numerical values generated from Figure_5.m. transition_flow_end_L_min preserves the source code's factor of 100 in Ua_crit_end.
192,4.798994974874372,101.83783628325634,101.83783628325634,47.291508738780266,9.647795016308494,6222.566939313193,93.33850408969789,9.647795016308494,93.33850408969789,0.0025912656682423657,2.591265668242366,1.0,high-We friction,8.03402824191662,12.36004344910249,1.9779959018099933,245.3401966995445,0.09336403003974902,0.00019,0.001,0.05,1.2,1.8e-05,1000.0,0.0091,0.8,0.015,Exact numerical values generated from Figure_5.m. transition_flow_end_L_min preserves the source code's factor of 100 in Ua_crit_end.
193,4.824120603015076,102.3710186721739,102.3710186721739,47.78800411574231,9.698307032100685,6287.895278387146,94.3184291758072,9.698307032100685,94.3184291758072,0.002577769492886937,2.577769492886937,1.0,high-We friction,8.03402824191662,12.36004344910249,1.9779959018099933,245.3401966995445,0.09336403003974902,0.00019,0.001,0.05,1.2,1.8e-05,1000.0,0.0091,0.8,0.015,Exact numerical values generated from Figure_5.m. transition_flow_end_L_min preserves the source code's factor of 100 in Ua_crit_end.
194,4.849246231155779,102.90420106109148,102.90420106109148,48.287092157858226,9.748819047892876,6353.564757612925,95.30347136419387,9.748819047892876,95.30347136419387,0.0025644131742709425,2.5644131742709426,1.0,high-We friction,8.03402824191662,12.36004344910249,1.9779959018099933,245.3401966995445,0.09336403003974902,0.00019,0.001,0.05,1.2,1.8e-05,1000.0,0.0091,0.8,0.015,Exact numerical values generated from Figure_5.m. transition_flow_end_L_min preserves the source code's factor of 100 in Ua_crit_end.
195,4.874371859296483,103.43738345000905,103.43738345000905,48.78877286512798,9.799331063685067,6419.575376990524,96.29363065485786,9.799331063685067,96.29363065485786,0.0025511945496612984,2.5511945496612984,1.0,high-We friction,8.03402824191662,12.36004344910249,1.9779959018099933,245.3401966995445,0.09336403003974902,0.00019,0.001,0.05,1.2,1.8e-05,1000.0,0.0091,0.8,0.015,Exact numerical values generated from Figure_5.m. transition_flow_end_L_min preserves the source code's factor of 100 in Ua_crit_end.
196,4.899497487437186,103.9705658389266,103.9705658389266,49.293046237551565,9.849843079477257,6485.927136519943,97.28890704779914,9.849843079477257,97.28890704779914,0.0025381115006886767,2.5381115006886765,1.0,high-We friction,8.03402824191662,12.36004344910249,1.9779959018099933,245.3401966995445,0.09336403003974902,0.00019,0.001,0.05,1.2,1.8e-05,1000.0,0.0091,0.8,0.015,Exact numerical values generated from Figure_5.m. transition_flow_end_L_min preserves the source code's factor of 100 in Ua_crit_end.
197,4.92462311557789,104.50374822784418,104.50374822784418,49.79991227512902,9.900355095269449,6552.620036201187,98.2893005430178,9.900355095269449,98.2893005430178,0.002525161952215775,2.5251619522157753,1.0,high-We friction,8.03402824191662,12.36004344910249,1.9779959018099933,245.3401966995445,0.09336403003974902,0.00019,0.001,0.05,1.2,1.8e-05,1000.0,0.0091,0.8,0.015,Exact numerical values generated from Figure_5.m. transition_flow_end_L_min preserves the source code's factor of 100 in Ua_crit_end.
198,4.949748743718593,105.03693061676175,105.03693061676175,50.30937097786032,9.95086711106164,6619.654076034253,99.2948111405138,9.95086711106164,99.2948111405138,0.0025123438712400608,2.512343871240061,1.0,high-We friction,8.03402824191662,12.36004344910249,1.9779959018099933,245.3401966995445,0.09336403003974902,0.00019,0.001,0.05,1.2,1.8e-05,1000.0,0.0091,0.8,0.015,Exact numerical values generated from Figure_5.m. transition_flow_end_L_min preserves the source code's factor of 100 in Ua_crit_end.
199,4.974874371859297,105.57011300567933,105.57011300567933,50.82142234574549,10.00137912685383,6687.029256019143,100.30543884028714,10.00137912685383,100.30543884028714,0.002499655265829757,2.499655265829757,1.0,high-We friction,8.03402824191662,12.36004344910249,1.9779959018099933,245.3401966995445,0.09336403003974902,0.00019,0.001,0.05,1.2,1.8e-05,1000.0,0.0091,0.8,0.015,Exact numerical values generated from Figure_5.m. transition_flow_end_L_min preserves the source code's factor of 100 in Ua_crit_end.
200,5.0,106.1032953945969,106.1032953945969,51.33606637878448,10.051891142646022,6754.745576155852,101.32118364233777,10.051891142646022,101.32118364233777,0.0024870941840919192,2.4870941840919194,1.0,high-We friction,8.03402824191662,12.36004344910249,1.9779959018099933,245.3401966995445,0.09336403003974902,0.00019,0.001,0.05,1.2,1.8e-05,1000.0,0.0091,0.8,0.015,Exact numerical values generated from Figure_5.m. transition_flow_end_L_min preserves the source code's factor of 100 in Ua_crit_end.
